employee_id,name,age,gender,department,job_role,salary,years_at_company,satisfaction_score,overtime_hours,performance_rating,attrition
EMP11755,Mary Smith,27,Female,Sales,Sales Rep,45996,23,2.1,35,2,No
EMP80863,John Miller,43,Male,Engineering,Engineering Manager,156313,7,2.8,5,3,No
EMP20419,Robert Moore,40,Non-binary,Marketing,Marketing Specialist,41229,11,4.4,2,5,No
EMP34813,Lisa Rodriguez,26,Female,Engineering,Tech Lead,97964,2,4.4,34,1,No
EMP23708,Betty Hernandez,47,Non-binary,Engineering,Senior Developer,110782,14,2.5,36,5,No
EMP11757,Susan Jackson,47,Non-binary,HR,HR Specialist,56698,20,3.0,14,4,No
EMP11653,Karen Anderson,55,Non-binary,Engineering,Engineering Manager,168085,2,4.0,0,1,No
EMP14498,David Taylor,33,Male,Sales,Sales Director,113540,17,4.0,40,3,No
EMP31999,Karen Hernandez,53,Male,HR,HR Manager,105325,16,3.4,19,2,No
EMP04077,John Thomas,57,Female,Engineering,Junior Developer,54604,7,4.5,16,1,No
EMP76736,Barbara Anderson,55,Prefer not to say,Finance,Finance Manager,107754,13,4.9,21,5,No
EMP07000,William Williams,54,Female,Sales,Sales Director,128849,17,1.9,17,2,No
EMP52440,Lisa Wilson,44,Prefer not to say,Marketing,Marketing Specialist,38791,17,1.5,3,5,No
EMP21442,Linda Williams,50,Male,Sales,Sales Rep,52143,12,3.9,3,1,No
EMP14240,Richard Smith,46,Non-binary,Finance,Accountant,71659,2,4.7,18,2,No
EMP64120,Nancy Moore,25,Non-binary,Marketing,Marketing Manager,79453,23,5.0,3,5,No
EMP19015,Lisa Davis,47,Male,Sales,Sales Director,141818,15,3.0,37,5,No
EMP53263,David Gonzalez,30,Non-binary,Finance,Accountant,53946,19,1.3,29,5,No
EMP90229,Mark Williams,37,Non-binary,HR,HR Specialist,48243,0,2.8,34,5,No
EMP65918,David Brown,28,Female,HR,HR Manager,109934,25,3.6,17,1,No
EMP68529,Mary Williams,49,Non-binary,HR,HR Manager,107348,6,3.9,8,2,No
EMP51961,Mary Lopez,59,Female,HR,HR Specialist,51847,23,2.8,27,4,No
EMP82217,Mark Wilson,31,Female,Engineering,Junior Developer,63523,9,2.5,11,1,No
EMP74672,Jennifer Brown,46,Male,Marketing,Marketing Specialist,35966,5,3.9,30,3,No
EMP26320,Matthew Rodriguez,44,Prefer not to say,Engineering,Senior Developer,74474,14,2.4,21,2,No
EMP05374,Thomas Brown,46,Female,Sales,Sales Rep,33250,8,1.7,16,3,No
EMP69714,Lisa Hernandez,42,Male,Sales,Sales Director,117126,13,1.0,19,5,No
EMP14969,Karen Jackson,41,Prefer not to say,Marketing,Content Creator,42024,12,3.8,35,5,No
EMP63465,Betty Garcia,27,Non-binary,Sales,Account Manager,51261,9,1.8,21,5,No
EMP10967,Joseph Wilson,58,Female,Sales,Sales Rep,44073,21,2.2,24,2,No
EMP88872,Betty Taylor,51,Male,Marketing,Content Creator,32952,7,1.6,7,1,No
EMP37488,Susan Moore,50,Female,Marketing,Marketing Manager,79357,16,5.0,30,5,No
EMP75620,Elizabeth Davis,39,Non-binary,Marketing,Content Creator,44193,24,2.0,8,3,No
EMP04542,Susan Gonzalez,59,Male,Engineering,Senior Developer,99392,12,3.8,36,2,No
EMP78947,Sarah Martin,36,Prefer not to say,Marketing,Content Creator,49471,0,4.8,1,3,No
EMP78995,Sandra Gonzalez,59,Male,Marketing,Content Creator,55561,21,3.7,5,4,No
EMP32373,Matthew Wilson,38,Male,Marketing,Marketing Specialist,39255,14,1.7,3,3,No
EMP79101,John Thomas,29,Female,HR,HR Specialist,52313,20,1.3,29,1,No
EMP71359,Charles Gonzalez,47,Female,HR,HR Coordinator,66223,5,3.4,40,1,No
EMP87505,Lisa Lopez,26,Non-binary,Engineering,Junior Developer,55279,22,4.1,0,5,No
EMP68747,Christopher Rodriguez,56,Prefer not to say,Marketing,Content Creator,34867,3,2.7,37,3,No
EMP24756,William Smith,53,Non-binary,HR,HR Coordinator,58376,7,4.3,11,1,No
EMP25855,Michael Williams,37,Prefer not to say,Marketing,Marketing Specialist,38891,11,4.2,30,3,No
EMP26354,Thomas Lopez,49,Non-binary,Marketing,Content Creator,48869,25,1.1,22,3,No
EMP73796,Michael Miller,52,Non-binary,Marketing,Content Creator,44862,9,2.0,33,1,No
EMP37100,Elizabeth Jones,53,Male,Sales,Sales Rep,26736,9,1.9,0,2,No
EMP10948,Richard Thomas,26,Male,Finance,Financial Analyst,78782,15,2.9,19,3,No
EMP67254,Joseph Martinez,59,Prefer not to say,Sales,Sales Rep,55048,3,3.2,19,4,No
EMP92261,Jennifer Moore,26,Female,Finance,Finance Manager,116412,1,3.4,38,1,No
EMP02275,Betty Miller,49,Male,Sales,Sales Rep,45124,9,3.8,34,4,No
EMP07589,Joseph Brown,51,Non-binary,Engineering,Senior Developer,75530,8,4.3,32,1,No
EMP87602,Lisa Jackson,59,Male,Finance,Financial Analyst,44815,14,1.3,17,1,No
EMP54294,Anthony Thomas,27,Prefer not to say,Finance,Accountant,53476,24,4.0,6,4,No
EMP64700,David Hernandez,29,Prefer not to say,Engineering,Tech Lead,122131,13,3.8,32,3,No
EMP13767,Michael Rodriguez,57,Female,Sales,Sales Director,137365,17,2.8,31,1,No
EMP73042,Anthony Brown,51,Male,Sales,Sales Rep,41818,20,3.4,9,2,No
EMP44441,Michael Martin,54,Female,Marketing,Marketing Manager,97129,9,3.0,26,3,No
EMP78568,Joseph Moore,52,Non-binary,HR,HR Manager,86358,8,4.3,21,3,No
EMP89238,Susan Johnson,42,Prefer not to say,Finance,Finance Manager,92393,12,2.8,24,3,No
EMP31809,James Jones,48,Female,Engineering,Engineering Manager,95782,1,1.5,4,5,No
EMP68883,William Thomas,56,Male,Marketing,Content Creator,44103,10,3.5,18,4,No
EMP46907,Elizabeth Lopez,45,Prefer not to say,Engineering,Junior Developer,46308,13,4.9,9,1,No
EMP10862,Sandra Jackson,31,Female,Engineering,Engineering Manager,115515,18,3.7,16,2,No
EMP09929,Daniel Rodriguez,51,Non-binary,Sales,Account Manager,66803,9,3.7,12,2,No
EMP32608,Richard Rodriguez,22,Male,Marketing,Content Creator,58077,3,1.9,18,5,No
EMP27761,Patricia Johnson,41,Prefer not to say,Engineering,Tech Lead,95469,7,3.5,2,5,No
EMP34278,Barbara Taylor,54,Non-binary,Finance,Financial Analyst,71807,23,1.5,30,3,No
EMP91987,Richard Moore,45,Male,HR,HR Manager,85391,10,4.2,25,4,No
EMP66589,Patricia Davis,52,Male,Sales,Account Manager,47933,17,1.5,20,3,No
EMP93419,Elizabeth Thomas,29,Male,Finance,Accountant,43780,20,1.3,15,4,No
EMP47140,Jessica Martin,48,Non-binary,Finance,Accountant,66194,12,2.8,28,5,No
EMP59331,Patricia Anderson,27,Female,Marketing,Marketing Specialist,53531,11,1.4,40,3,No
EMP97285,Charles Miller,36,Non-binary,Finance,Accountant,60339,1,4.1,38,2,No
EMP21600,Betty Davis,59,Non-binary,Sales,Account Manager,48011,4,5.0,1,5,No
EMP57475,Patricia Anderson,54,Female,Engineering,Tech Lead,114627,1,1.5,33,4,No
EMP98417,Joseph Williams,27,Non-binary,HR,HR Coordinator,54173,20,4.9,38,1,No
EMP53954,Karen Wilson,28,Male,Engineering,Junior Developer,56549,4,2.1,35,5,No
EMP34404,Lisa Rodriguez,45,Female,Engineering,Engineering Manager,107407,14,4.6,30,4,No
EMP73109,Sarah Hernandez,29,Prefer not to say,Sales,Sales Rep,38948,2,1.4,27,1,No
EMP52621,Margaret Moore,45,Male,Sales,Account Manager,76476,19,2.2,17,1,No
EMP98660,Sandra Rodriguez,23,Female,Finance,Accountant,55851,25,2.7,21,5,No
EMP60790,Thomas Miller,46,Prefer not to say,HR,HR Specialist,62579,5,4.5,29,5,No
EMP75001,Karen Johnson,27,Non-binary,HR,HR Specialist,42619,11,2.2,38,3,No
EMP14264,Lisa Martinez,24,Female,Marketing,Content Creator,50646,8,1.9,25,5,No
EMP77214,Susan Garcia,30,Prefer not to say,Finance,Accountant,51839,0,1.8,35,2,No
EMP44034,Richard Wilson,40,Male,HR,HR Specialist,48897,12,4.4,25,1,No
EMP46341,Susan Jackson,47,Male,Sales,Account Manager,58334,5,4.2,21,5,No
EMP65173,Anthony Jones,37,Male,Engineering,Tech Lead,118662,24,1.7,9,5,No
EMP17477,Joseph Jackson,42,Non-binary,HR,HR Specialist,51644,5,3.4,28,1,No
EMP04032,Christopher Williams,60,Prefer not to say,HR,HR Coordinator,57521,18,1.2,29,5,No
EMP48634,John Johnson,50,Male,Finance,Finance Manager,110685,25,4.0,5,1,No
EMP95639,Richard Wilson,43,Male,Finance,Finance Manager,73482,5,1.2,40,4,No
EMP27698,William Williams,59,Female,HR,HR Specialist,55599,10,1.4,25,4,No
EMP86876,Thomas Williams,49,Non-binary,Engineering,Junior Developer,46770,9,3.2,1,3,No
EMP94210,Margaret Brown,54,Male,HR,HR Coordinator,46134,5,4.8,39,3,No
EMP81446,Linda Anderson,40,Prefer not to say,Engineering,Engineering Manager,96076,4,1.6,14,5,No
EMP91654,Matthew Martinez,46,Prefer not to say,Finance,Accountant,73672,9,4.9,38,4,No
EMP51882,Matthew Garcia,39,Prefer not to say,Engineering,Tech Lead,103604,1,3.6,32,3,No
EMP88943,Barbara Davis,46,Male,Engineering,Engineering Manager,126704,2,4.8,6,2,No
EMP61740,Robert Smith,38,Female,HR,HR Specialist,51268,4,1.2,9,4,No
EMP72126,Karen Anderson,26,Male,Finance,Finance Manager,109148,19,3.1,34,1,No
EMP20351,Lisa Williams,55,Non-binary,Sales,Sales Director,101877,16,3.3,4,2,No
EMP53469,David Smith,44,Male,Finance,Finance Manager,86324,16,4.1,40,5,No
EMP05817,Joseph Thomas,33,Female,Sales,Sales Director,144212,23,4.0,4,2,No
EMP83338,Jessica Rodriguez,24,Female,Marketing,Marketing Specialist,48507,9,1.8,3,2,No
EMP87839,Jessica Thomas,45,Non-binary,HR,HR Coordinator,71002,3,4.2,5,4,No
EMP53063,Karen Wilson,32,Prefer not to say,Marketing,Marketing Specialist,50633,13,3.4,22,2,No
EMP06386,James Jones,60,Prefer not to say,Finance,Financial Analyst,70410,8,3.6,2,1,No
EMP39014,Barbara Lopez,50,Male,Engineering,Junior Developer,41766,7,4.1,25,3,No
EMP01591,Matthew Rodriguez,50,Female,HR,HR Manager,87162,8,2.0,39,1,No
EMP48406,Margaret Hernandez,44,Male,Marketing,Marketing Specialist,45855,3,1.5,19,1,No
EMP72435,Joseph Moore,30,Male,Engineering,Tech Lead,105777,16,1.9,4,2,No
EMP44513,Robert Anderson,51,Non-binary,HR,HR Coordinator,65732,22,3.9,35,5,No
EMP58853,Jennifer Hernandez,36,Non-binary,Finance,Accountant,69802,24,4.9,33,4,No
EMP26606,Charles Jackson,31,Female,HR,HR Specialist,43501,8,1.8,38,5,No
EMP09722,Charles Wilson,23,Prefer not to say,HR,HR Manager,75882,1,4.3,40,1,No
EMP28446,Jennifer Anderson,48,Prefer not to say,Finance,Financial Analyst,58929,20,4.8,9,4,No
EMP91353,Joseph Brown,39,Prefer not to say,HR,HR Manager,97879,10,3.9,15,3,No
EMP84998,Sandra Jackson,42,Female,Engineering,Junior Developer,50725,1,2.2,32,4,No
EMP95923,Mary Martinez,53,Prefer not to say,Marketing,Content Creator,39572,9,3.0,18,1,No
EMP77345,Michael Lopez,57,Non-binary,Finance,Accountant,67225,3,2.7,35,3,No
EMP93739,Matthew Jones,34,Prefer not to say,HR,HR Manager,102524,21,3.4,32,2,No
EMP85181,Sandra Martin,42,Female,Sales,Sales Rep,37689,1,1.5,19,3,No
EMP45403,Patricia Wilson,59,Non-binary,Finance,Financial Analyst,76798,16,4.3,40,5,No
EMP57516,Karen Gonzalez,31,Female,Sales,Sales Director,162940,15,2.1,7,5,No
EMP42564,Margaret Johnson,30,Female,Engineering,Junior Developer,53596,14,2.3,35,2,No
EMP94556,Margaret Rodriguez,52,Female,HR,HR Manager,106114,15,3.1,19,3,No
EMP64459,Nancy Rodriguez,40,Male,Engineering,Tech Lead,106465,24,2.2,36,2,No
EMP22734,David Thomas,35,Female,Finance,Financial Analyst,71816,12,4.3,35,2,No
EMP20922,Patricia Wilson,43,Prefer not to say,HR,HR Specialist,44736,3,3.5,6,5,No
EMP49841,Elizabeth Hernandez,40,Male,Engineering,Junior Developer,52718,17,4.9,36,2,No
EMP90871,Nancy Martinez,24,Male,Engineering,Junior Developer,48224,5,2.7,19,2,No
EMP29549,Margaret Taylor,51,Non-binary,Finance,Finance Manager,102578,3,4.7,10,3,No
EMP77571,Margaret Gonzalez,49,Non-binary,Marketing,Marketing Manager,96178,8,3.9,5,1,No
EMP49034,David Hernandez,41,Male,Marketing,Marketing Manager,89075,3,1.7,15,2,Yes
EMP98766,Elizabeth Lopez,36,Female,Sales,Account Manager,74179,9,1.6,8,5,No
EMP37978,Anthony Miller,37,Male,Marketing,Marketing Specialist,42562,14,4.0,23,5,No
EMP92518,Joseph Brown,35,Prefer not to say,Sales,Sales Director,116479,3,1.2,5,5,No
EMP54048,Nancy Smith,47,Non-binary,Finance,Financial Analyst,74845,25,1.2,37,2,No
EMP50894,Elizabeth Wilson,33,Female,Sales,Sales Rep,34787,13,2.4,26,1,No
EMP36656,Barbara Brown,33,Prefer not to say,HR,HR Coordinator,41907,14,4.5,14,4,No
EMP43241,Michael Brown,24,Prefer not to say,Sales,Sales Rep,43037,9,2.9,39,5,No
EMP05707,Richard Anderson,36,Female,Sales,Sales Rep,45321,6,1.3,8,5,No
EMP35633,John Taylor,36,Prefer not to say,Finance,Financial Analyst,50361,7,4.3,19,5,No
EMP64499,Lisa Gonzalez,55,Non-binary,HR,HR Specialist,47457,17,4.8,19,2,No
EMP83789,Sarah Wilson,48,Female,Marketing,Marketing Specialist,44460,24,3.2,24,2,No
EMP98071,David Gonzalez,60,Male,Engineering,Tech Lead,117467,6,2.3,37,1,No
EMP39217,Nancy Thomas,37,Female,Finance,Accountant,53993,15,1.8,25,3,No
EMP53254,Patricia Thomas,42,Female,Engineering,Tech Lead,98268,24,2.1,36,4,No
EMP54133,Anthony Davis,53,Non-binary,Engineering,Senior Developer,94567,0,2.0,16,5,No
EMP17174,Sandra Moore,25,Male,Marketing,Marketing Manager,92816,20,4.0,3,4,No
EMP01240,Christopher Martin,52,Prefer not to say,Sales,Account Manager,61752,4,4.4,1,2,No
EMP52908,Lisa Wilson,33,Male,Sales,Sales Director,139099,17,2.6,15,1,No
EMP09426,Elizabeth Williams,24,Male,Engineering,Tech Lead,100093,11,2.1,25,4,No
EMP70863,Margaret Brown,55,Male,Marketing,Content Creator,49964,17,2.9,36,1,No
EMP85093,Michael Jackson,31,Prefer not to say,Marketing,Content Creator,63368,1,4.7,4,3,No
EMP65377,Daniel Williams,54,Non-binary,HR,HR Specialist,57587,18,2.0,4,4,No
EMP37029,Jessica Davis,44,Prefer not to say,HR,HR Manager,100056,24,3.5,27,5,No
EMP77017,Christopher Jones,46,Non-binary,Engineering,Engineering Manager,124525,2,4.1,19,3,No
EMP04551,Robert Lopez,57,Male,Marketing,Content Creator,50421,24,2.1,38,2,No
EMP30999,Charles Taylor,32,Prefer not to say,Finance,Financial Analyst,71911,12,1.0,17,4,No
EMP44022,Christopher Thomas,60,Female,Marketing,Marketing Specialist,57400,2,1.7,29,3,No
EMP36833,Anthony Martin,30,Non-binary,Sales,Sales Rep,37965,9,1.0,12,4,No
EMP26452,Richard Rodriguez,47,Non-binary,Marketing,Content Creator,63773,5,4.9,7,3,No
EMP65947,Joseph Martinez,26,Prefer not to say,Finance,Accountant,55783,18,5.0,19,2,No
EMP70944,Thomas Wilson,56,Male,Engineering,Tech Lead,102003,21,1.6,23,4,No
EMP76360,Christopher Gonzalez,43,Prefer not to say,Finance,Finance Manager,105375,20,4.7,14,1,No
EMP23466,John Lopez,23,Prefer not to say,Finance,Finance Manager,104221,16,3.2,6,5,No
EMP33753,Patricia Anderson,50,Non-binary,HR,HR Coordinator,57275,2,1.5,7,2,Yes
EMP97553,Susan Anderson,36,Prefer not to say,HR,HR Manager,96765,3,3.7,40,2,No
EMP06153,Daniel Miller,35,Non-binary,Engineering,Senior Developer,85338,20,3.6,4,4,No
EMP31164,Christopher Hernandez,60,Prefer not to say,Finance,Accountant,42177,25,4.5,39,2,No
EMP68726,Robert Jones,42,Male,Marketing,Marketing Manager,90483,3,2.4,23,4,No
EMP31666,Jennifer Moore,32,Prefer not to say,Engineering,Engineering Manager,139700,13,3.4,18,5,No
EMP03018,Sarah Taylor,53,Prefer not to say,Engineering,Senior Developer,79728,10,4.4,28,5,No
EMP22514,Nancy Thomas,57,Male,Marketing,Marketing Specialist,44585,2,3.3,36,2,No
EMP57742,Susan Brown,37,Non-binary,Sales,Account Manager,66762,24,3.2,16,3,No
EMP72853,Daniel Martin,49,Female,HR,HR Specialist,48640,14,4.5,39,1,No
EMP32537,Elizabeth Jackson,39,Male,Engineering,Senior Developer,98982,6,4.2,26,5,No
EMP27876,Jessica Jones,58,Non-binary,Sales,Account Manager,77219,20,1.5,40,2,No
EMP47684,Jessica Hernandez,59,Male,Marketing,Content Creator,57483,14,1.3,5,1,No
EMP73984,William Martinez,43,Female,Marketing,Marketing Manager,70803,21,3.8,36,1,No
EMP07418,Joseph Anderson,22,Prefer not to say,Marketing,Content Creator,51245,21,4.0,8,1,No
EMP23913,Elizabeth Davis,49,Male,HR,HR Specialist,60946,8,1.4,6,3,No
EMP26068,Margaret Wilson,30,Prefer not to say,Sales,Sales Rep,50988,15,1.3,6,5,No
EMP38866,Robert Taylor,58,Male,Sales,Account Manager,69125,11,4.5,39,2,No
EMP96428,John Brown,59,Prefer not to say,Engineering,Engineering Manager,117697,11,3.9,8,2,No
EMP67290,Margaret Martinez,35,Female,Engineering,Tech Lead,124040,20,1.3,25,5,No
EMP41455,James Lopez,42,Female,HR,HR Manager,74365,1,4.1,26,2,No
EMP97002,Mary Johnson,47,Non-binary,HR,HR Manager,112772,21,1.7,40,4,No
EMP65100,Sandra Miller,31,Non-binary,Finance,Financial Analyst,56810,13,3.8,4,1,No
EMP00446,Elizabeth Garcia,29,Male,HR,HR Manager,107812,13,3.9,8,2,No
EMP58237,Margaret Rodriguez,29,Male,Sales,Sales Rep,41360,15,4.8,33,5,No
EMP45081,Jennifer Rodriguez,28,Male,Sales,Account Manager,73888,22,4.9,14,1,No
EMP24319,Margaret Johnson,57,Prefer not to say,Finance,Accountant,59047,1,4.4,20,1,No
EMP60250,Richard Williams,51,Non-binary,HR,HR Specialist,55593,18,2.5,19,5,No
EMP25364,Charles Thomas,34,Female,HR,HR Specialist,60182,17,2.8,1,3,No
EMP90687,Patricia Miller,55,Female,Engineering,Tech Lead,141065,20,4.4,26,1,No
EMP02848,Joseph Williams,59,Male,Marketing,Marketing Specialist,40898,4,3.8,25,1,No
EMP22387,Nancy Hernandez,42,Prefer not to say,Sales,Sales Director,119125,18,1.2,17,2,No
EMP11431,Barbara Miller,50,Non-binary,Engineering,Junior Developer,35714,6,1.5,5,5,No
EMP28179,Richard Taylor,25,Non-binary,Engineering,Tech Lead,117368,22,3.8,16,1,No
EMP72481,James Johnson,36,Female,Engineering,Junior Developer,52429,12,4.4,40,5,No
EMP00941,Mark Hernandez,29,Male,Sales,Sales Director,137252,18,2.0,29,1,No
EMP43439,David Rodriguez,50,Female,Sales,Sales Rep,54158,18,2.7,15,4,No
EMP02118,Thomas Davis,56,Male,HR,HR Coordinator,57476,13,4.5,24,4,No
EMP95313,Linda Smith,39,Male,HR,HR Coordinator,58357,17,4.1,22,3,No
EMP28909,Linda Jackson,46,Non-binary,Finance,Accountant,48831,5,1.4,11,2,No
EMP90795,Charles Miller,53,Non-binary,Finance,Financial Analyst,69279,25,4.0,3,3,No
EMP36831,Betty Hernandez,25,Male,Engineering,Senior Developer,88166,0,3.1,9,1,No
EMP39313,John Garcia,49,Prefer not to say,Engineering,Junior Developer,47253,16,4.4,35,1,No
EMP37210,Daniel Jackson,47,Male,Finance,Financial Analyst,62913,7,3.7,11,2,No
EMP61430,Barbara Hernandez,32,Male,Finance,Financial Analyst,74610,25,4.9,21,2,No
EMP37704,Susan Garcia,48,Prefer not to say,Marketing,Marketing Specialist,41542,8,1.8,24,1,No
EMP66108,Elizabeth Smith,42,Non-binary,Marketing,Marketing Specialist,54922,15,4.2,10,5,No
EMP39874,Christopher Garcia,60,Prefer not to say,Marketing,Marketing Specialist,51083,23,1.3,10,1,No
EMP45956,Elizabeth Davis,28,Male,Sales,Sales Rep,38332,10,1.8,31,2,No
EMP26610,Jennifer Martinez,27,Prefer not to say,Engineering,Junior Developer,55904,11,1.0,7,1,No
EMP05183,Joseph Johnson,38,Prefer not to say,Marketing,Content Creator,42966,15,4.6,17,3,No
EMP03595,Sarah Johnson,46,Prefer not to say,Finance,Accountant,59357,4,4.0,34,1,No
EMP38055,Charles Martin,31,Male,Marketing,Marketing Manager,103997,7,2.9,10,1,No
EMP94968,David Hernandez,26,Male,Engineering,Senior Developer,80636,4,1.2,24,1,No
EMP76544,John Jackson,59,Male,Finance,Financial Analyst,79686,8,3.1,6,1,No
EMP34602,John Martin,60,Prefer not to say,HR,HR Manager,86672,11,4.5,2,3,No
EMP98083,David Thomas,28,Female,Marketing,Content Creator,60935,22,2.0,28,4,No
EMP12877,Margaret Lopez,25,Female,HR,HR Coordinator,71681,23,2.7,4,1,No
EMP80188,Linda Johnson,51,Male,HR,HR Manager,114368,16,2.6,17,5,No
EMP62449,Jessica Jackson,57,Non-binary,HR,HR Coordinator,48653,16,2.6,22,1,No
EMP23159,Margaret Davis,36,Female,Engineering,Tech Lead,107974,23,4.3,1,1,No
EMP82697,Daniel Rodriguez,49,Prefer not to say,Sales,Account Manager,74936,4,3.6,22,5,No
EMP83156,Anthony Lopez,57,Non-binary,Marketing,Content Creator,46967,6,2.9,4,5,No
EMP27821,Matthew Davis,25,Prefer not to say,HR,HR Coordinator,58764,20,2.3,20,3,No
EMP24307,Charles Miller,43,Female,Engineering,Junior Developer,45833,20,3.0,30,3,No
EMP10128,Matthew Garcia,43,Male,HR,HR Manager,76282,9,4.4,14,5,No
EMP73228,Jessica Johnson,59,Male,HR,HR Specialist,45141,23,4.5,7,4,No
EMP12459,Joseph Jones,42,Female,Marketing,Marketing Manager,91542,9,2.7,5,2,No
EMP60271,Matthew Garcia,53,Male,Marketing,Content Creator,53277,20,4.9,27,3,No
EMP57987,Thomas Miller,23,Male,Marketing,Content Creator,53577,15,2.5,40,1,No
EMP13518,Elizabeth Martinez,51,Non-binary,Engineering,Senior Developer,67235,22,4.5,8,3,No
EMP99427,John Miller,23,Female,HR,HR Coordinator,60088,11,4.0,7,2,No
EMP82509,Lisa Brown,23,Male,HR,HR Manager,89530,20,4.2,24,4,No
EMP26041,Thomas Rodriguez,60,Female,Sales,Sales Director,102631,8,2.9,26,2,No
EMP11112,Thomas Miller,44,Prefer not to say,Sales,Sales Director,118565,23,3.5,31,3,No
EMP69861,Robert Taylor,26,Male,Engineering,Engineering Manager,135306,10,1.9,16,1,No
EMP88836,Susan Brown,28,Male,Marketing,Content Creator,51922,8,2.9,10,1,No
EMP80814,Joseph Rodriguez,46,Prefer not to say,HR,HR Coordinator,55273,14,4.8,26,3,No
EMP98194,Charles Anderson,33,Prefer not to say,Engineering,Junior Developer,51878,4,3.8,8,1,No
EMP02376,Matthew Jackson,58,Female,Marketing,Content Creator,38266,3,4.6,21,4,No
EMP47466,John Moore,25,Male,Finance,Finance Manager,94558,22,3.8,30,1,No
EMP29026,Richard Davis,27,Prefer not to say,Marketing,Marketing Specialist,48427,2,4.0,28,3,No
EMP39704,Mary Moore,57,Male,Finance,Financial Analyst,76295,2,4.4,39,4,No
EMP93024,Sarah Martin,60,Prefer not to say,HR,HR Manager,72572,17,1.8,23,4,No
EMP03675,Barbara Brown,24,Female,Marketing,Marketing Specialist,37528,3,4.0,26,2,No
EMP93477,Patricia Wilson,24,Male,Sales,Account Manager,65861,19,1.8,28,1,No
EMP90754,Charles Thomas,54,Female,Marketing,Marketing Manager,87019,18,4.8,8,2,No
EMP53997,David Gonzalez,43,Non-binary,Sales,Account Manager,59375,21,3.4,28,3,No
EMP27879,Christopher Miller,34,Female,Engineering,Senior Developer,77490,13,3.4,22,5,No
EMP77559,Daniel Wilson,56,Non-binary,Engineering,Senior Developer,77568,16,3.2,27,3,No
EMP00279,Lisa Rodriguez,31,Male,Sales,Sales Director,114510,3,1.1,34,2,Yes
EMP87527,Betty Martinez,25,Prefer not to say,Marketing,Marketing Specialist,45925,19,4.5,24,5,No
EMP02678,Anthony Davis,45,Female,Marketing,Marketing Manager,95699,10,4.9,18,1,No
EMP71022,Jennifer Jackson,38,Male,Marketing,Marketing Specialist,32134,21,1.3,21,2,No
EMP57683,Betty Jackson,57,Non-binary,Marketing,Marketing Manager,108991,4,1.2,33,3,No
EMP15438,Lisa Hernandez,43,Non-binary,Engineering,Senior Developer,93840,16,1.3,18,5,No
EMP13269,Linda Johnson,42,Prefer not to say,Engineering,Engineering Manager,170563,17,4.3,24,1,No
EMP83840,Mark Miller,42,Male,HR,HR Manager,77703,23,2.1,6,5,No
EMP84157,Nancy Wilson,26,Female,Engineering,Junior Developer,61782,20,1.3,2,2,No
EMP55223,Christopher Gonzalez,49,Non-binary,Sales,Sales Rep,46594,1,1.7,1,3,No
EMP07083,Thomas Brown,40,Non-binary,Marketing,Marketing Manager,81392,3,3.1,28,5,No
EMP51375,Christopher Jones,41,Non-binary,Marketing,Content Creator,44366,21,1.1,0,2,No
EMP53502,Nancy Lopez,35,Prefer not to say,Finance,Finance Manager,124292,4,1.5,9,1,No
EMP88994,Sarah Williams,40,Male,Engineering,Tech Lead,91993,6,1.5,16,5,No
EMP36220,Michael Hernandez,53,Prefer not to say,Sales,Sales Rep,40317,23,3.3,37,3,No
EMP13776,David Lopez,30,Non-binary,Engineering,Tech Lead,131342,25,2.3,30,4,No
EMP51688,John Moore,34,Non-binary,Marketing,Content Creator,46956,11,4.1,4,4,No
EMP57202,Mark Moore,52,Female,Sales,Sales Director,94868,20,1.1,23,5,No
EMP15030,Linda Martin,32,Female,Marketing,Marketing Specialist,47376,24,3.4,36,3,No
EMP22265,Betty Lopez,46,Prefer not to say,Engineering,Engineering Manager,134061,11,1.2,29,4,No
EMP62755,Richard Gonzalez,45,Male,Sales,Sales Rep,38476,20,2.3,14,5,No
EMP44651,Jennifer Davis,26,Non-binary,Finance,Financial Analyst,66964,11,4.3,13,3,No
EMP64316,Jessica Miller,59,Female,Engineering,Senior Developer,77108,5,2.4,15,1,Yes
EMP05021,Richard Martin,58,Male,Finance,Finance Manager,87673,5,1.5,18,5,No
EMP81867,Anthony Garcia,54,Non-binary,Sales,Sales Rep,50075,14,3.4,29,4,No
EMP10596,Anthony Jones,60,Male,Finance,Finance Manager,119836,2,1.9,11,4,No
EMP51416,Anthony Smith,49,Prefer not to say,Marketing,Marketing Manager,87238,19,1.2,33,5,No
EMP38985,Susan Jones,38,Prefer not to say,Marketing,Marketing Specialist,53690,25,2.9,14,4,No
EMP20705,Thomas Smith,46,Female,Sales,Account Manager,61761,19,4.5,23,4,No
EMP25569,Richard Miller,48,Prefer not to say,Sales,Sales Rep,39562,13,3.6,11,3,No
EMP57318,Patricia Davis,50,Female,HR,HR Manager,108720,17,2.9,21,3,No
EMP19001,Sandra Martin,49,Male,Finance,Finance Manager,110531,22,3.7,4,1,No
EMP79462,Karen Johnson,33,Prefer not to say,HR,HR Specialist,45331,11,1.3,33,1,No
EMP66369,Robert Rodriguez,47,Non-binary,Sales,Sales Director,124520,16,3.1,25,2,No
EMP95755,Barbara Rodriguez,36,Female,Marketing,Marketing Manager,76817,6,3.1,0,1,No
EMP02989,Mark Moore,58,Non-binary,HR,HR Specialist,52139,13,3.0,28,5,No
EMP94450,Patricia Rodriguez,26,Prefer not to say,Marketing,Marketing Manager,61076,15,4.1,14,3,No
EMP72237,William Williams,57,Female,HR,HR Coordinator,35287,11,3.1,30,1,No
EMP17917,Linda Davis,38,Female,HR,HR Coordinator,57039,6,4.6,39,3,No
EMP66675,Mary Thomas,45,Non-binary,HR,HR Specialist,64114,24,1.4,31,1,No
EMP22507,Jessica Moore,24,Non-binary,Finance,Financial Analyst,55804,15,1.7,11,5,No
EMP60253,Karen Rodriguez,33,Non-binary,Marketing,Marketing Specialist,59355,22,3.1,15,3,No
EMP42738,David Anderson,33,Female,HR,HR Coordinator,67451,19,2.4,6,2,No
EMP18740,Susan Thomas,30,Non-binary,HR,HR Specialist,48517,17,2.7,31,4,No
EMP36084,Christopher Brown,50,Non-binary,HR,HR Coordinator,54521,17,4.4,35,1,No
EMP89156,Jennifer Martinez,44,Non-binary,HR,HR Coordinator,62783,0,2.6,32,3,No
EMP64986,Sandra Hernandez,48,Prefer not to say,Marketing,Marketing Manager,93023,14,4.6,10,4,No
EMP76387,Barbara Jackson,55,Prefer not to say,HR,HR Specialist,47653,10,2.3,26,3,No
EMP69701,Patricia Brown,26,Prefer not to say,Engineering,Senior Developer,82188,0,1.5,25,2,No
EMP68322,Christopher Jones,30,Female,Sales,Sales Rep,44532,8,3.5,1,1,No
EMP84895,John Moore,33,Prefer not to say,Sales,Sales Director,102608,11,4.4,36,3,No
EMP94203,Susan Rodriguez,31,Non-binary,Marketing,Marketing Manager,75925,20,3.6,0,3,No
EMP25647,Elizabeth Smith,49,Non-binary,Sales,Sales Director,93652,24,4.4,35,3,No
EMP31733,David Williams,49,Female,HR,HR Specialist,42335,13,4.5,33,4,No
EMP84812,Christopher Anderson,50,Non-binary,Finance,Finance Manager,94654,21,2.1,20,5,No
EMP11277,Linda Williams,31,Male,Sales,Sales Rep,37521,1,4.9,31,1,No
EMP94738,John Johnson,39,Prefer not to say,Engineering,Tech Lead,126757,13,2.2,12,4,No
EMP39291,Nancy Brown,55,Female,HR,HR Coordinator,59032,0,1.5,30,2,No
EMP75142,Barbara Johnson,35,Male,HR,HR Coordinator,55775,5,3.5,0,1,No
EMP00745,Barbara Williams,37,Female,Engineering,Tech Lead,127540,18,1.5,31,2,No
EMP06771,Linda Hernandez,57,Non-binary,Sales,Sales Director,126613,19,2.4,12,1,No
EMP20755,Jessica Miller,58,Female,Sales,Sales Director,101820,12,2.4,34,2,No
EMP95012,David Moore,45,Prefer not to say,HR,HR Coordinator,66761,23,2.9,24,5,No
EMP27653,Thomas Thomas,57,Female,Engineering,Junior Developer,50048,19,4.4,39,5,No
EMP06091,Mary Miller,28,Prefer not to say,HR,HR Coordinator,55752,13,3.6,24,1,No
EMP02709,Christopher Thomas,27,Prefer not to say,Marketing,Marketing Manager,93204,19,3.8,40,3,No
EMP87065,Nancy Williams,41,Male,Sales,Account Manager,88308,17,4.0,6,4,No
EMP16595,Sarah Wilson,28,Non-binary,Sales,Sales Director,104386,7,3.1,29,2,No
EMP43194,Barbara Hernandez,57,Non-binary,Marketing,Marketing Specialist,56514,5,4.2,40,5,No
EMP53573,Joseph Anderson,47,Male,Marketing,Marketing Manager,78479,10,3.4,2,5,No
EMP09237,Daniel Rodriguez,57,Female,HR,HR Manager,108130,0,3.1,9,3,No
EMP28039,Nancy Williams,42,Prefer not to say,Engineering,Tech Lead,120233,11,4.6,11,2,No
EMP53750,Mary Hernandez,44,Prefer not to say,Marketing,Marketing Manager,66491,22,3.3,14,1,No
EMP05353,Daniel Davis,31,Male,Finance,Accountant,66765,20,4.1,25,4,No
EMP47134,Nancy Johnson,57,Prefer not to say,Marketing,Marketing Manager,88927,18,3.0,27,2,No
EMP35595,Linda Williams,39,Prefer not to say,Engineering,Senior Developer,97816,15,3.2,20,4,No
EMP31367,Jennifer Lopez,50,Female,Finance,Accountant,39604,3,3.7,14,4,No
EMP10998,Anthony Martinez,22,Non-binary,Engineering,Tech Lead,123695,4,4.0,7,1,No
EMP72575,Karen Jones,23,Prefer not to say,HR,HR Coordinator,44442,15,1.1,2,2,No
EMP24906,Lisa Lopez,28,Male,HR,HR Specialist,44484,1,2.1,18,5,No
EMP94501,Joseph Moore,23,Male,Marketing,Marketing Specialist,52156,12,3.0,21,1,No
EMP63399,David Johnson,38,Prefer not to say,Marketing,Content Creator,56839,23,1.6,1,3,No
EMP60396,Christopher Davis,48,Female,Finance,Financial Analyst,58353,7,1.6,19,4,No
EMP65621,Daniel Taylor,30,Prefer not to say,Finance,Financial Analyst,63244,14,3.2,9,2,No
EMP91387,Matthew Hernandez,48,Prefer not to say,Finance,Accountant,53264,10,1.3,40,5,No
EMP17625,Linda Martin,36,Female,HR,HR Specialist,61719,24,1.8,1,2,No
EMP56738,Jessica Thomas,30,Female,HR,HR Specialist,50670,22,4.1,0,2,No
EMP70998,Jessica Hernandez,51,Female,HR,HR Coordinator,56978,7,4.0,27,2,No
EMP73955,Christopher Johnson,55,Male,Marketing,Marketing Specialist,38058,19,3.9,2,4,No
EMP56023,Elizabeth Martinez,51,Female,Engineering,Engineering Manager,140935,23,1.2,27,4,No
EMP46051,Charles Moore,30,Prefer not to say,HR,HR Manager,81642,1,3.8,11,2,No
EMP03671,Nancy Brown,27,Male,Marketing,Marketing Manager,97639,22,4.6,28,4,No
EMP61501,William Jackson,31,Female,HR,HR Specialist,53197,16,3.8,3,5,No
EMP21890,Matthew Rodriguez,22,Prefer not to say,Marketing,Content Creator,44682,9,3.9,31,4,No
EMP25440,Karen Smith,37,Non-binary,Marketing,Marketing Manager,77415,25,1.0,13,4,No
EMP08682,Sandra Williams,25,Male,Sales,Sales Rep,39108,4,1.2,26,3,No
EMP55973,Mary Williams,41,Non-binary,Engineering,Senior Developer,76563,21,2.1,4,5,No
EMP18342,Michael Martin,25,Male,Marketing,Marketing Manager,99685,2,2.2,36,2,No
EMP99263,Thomas Jackson,44,Female,Finance,Accountant,50326,15,3.9,40,5,No
EMP22114,Betty Brown,35,Prefer not to say,Marketing,Content Creator,42451,25,1.7,26,5,No
EMP02273,Thomas Moore,42,Male,Sales,Account Manager,71627,11,3.2,25,2,No
EMP33697,Christopher Jones,52,Female,Finance,Finance Manager,108857,0,4.3,40,2,No
EMP90556,Sarah Moore,23,Female,Marketing,Marketing Manager,79284,10,2.8,22,4,No
EMP96853,Karen Brown,41,Non-binary,Sales,Sales Rep,42167,8,4.4,2,3,No
EMP38351,Barbara Johnson,34,Male,HR,HR Coordinator,53260,2,3.0,30,2,No
EMP75718,Anthony Taylor,30,Female,Finance,Accountant,58676,6,2.4,2,4,No
EMP09650,Joseph Johnson,28,Non-binary,Marketing,Content Creator,60016,22,4.5,40,1,No
EMP57621,Patricia Smith,57,Male,Engineering,Tech Lead,113915,6,1.8,13,3,No
EMP98513,Mark Hernandez,56,Prefer not to say,Finance,Financial Analyst,70349,17,2.3,3,2,No
EMP15586,Karen Lopez,41,Non-binary,Sales,Account Manager,65741,1,1.3,12,4,No
EMP18944,Lisa Anderson,52,Female,Finance,Accountant,62584,24,4.1,39,5,No
EMP78404,Barbara Thomas,51,Female,HR,HR Coordinator,53509,12,1.7,18,3,No
EMP47150,Elizabeth Moore,51,Prefer not to say,HR,HR Manager,86135,18,1.5,15,1,No
EMP26495,William Moore,37,Female,Finance,Accountant,54539,15,2.5,4,3,No
EMP30434,Karen Brown,60,Prefer not to say,Finance,Financial Analyst,61138,3,3.4,3,4,No
EMP76426,Joseph Miller,35,Non-binary,Sales,Sales Rep,53587,4,4.5,19,1,No
EMP79956,Thomas Gonzalez,30,Non-binary,Finance,Finance Manager,129815,9,4.7,3,4,No
EMP12045,Christopher Hernandez,46,Prefer not to say,Sales,Sales Director,134796,17,4.3,24,3,No
EMP15834,Elizabeth Jones,30,Male,Marketing,Marketing Manager,92162,6,3.6,31,4,No
EMP88696,Joseph Taylor,49,Prefer not to say,Marketing,Marketing Specialist,52604,2,1.5,24,4,No
EMP58254,Sarah Jackson,45,Male,HR,HR Specialist,59628,5,2.7,23,1,Yes
EMP99740,Mark Martin,27,Female,Marketing,Marketing Manager,87614,2,1.6,30,5,No
EMP30374,Thomas Thomas,58,Non-binary,Sales,Sales Director,79747,20,3.2,18,5,No
EMP77504,Jennifer Jackson,25,Non-binary,HR,HR Specialist,59081,1,3.8,39,5,No
EMP07262,David Smith,29,Female,Sales,Account Manager,78499,15,1.3,28,5,No
EMP47830,John Martin,31,Prefer not to say,HR,HR Specialist,43422,8,4.1,26,2,No
EMP27367,Patricia Johnson,32,Prefer not to say,Marketing,Marketing Specialist,46686,21,2.8,34,2,No
EMP25427,Richard Hernandez,55,Male,Engineering,Engineering Manager,139812,21,3.8,6,4,No
EMP66228,David Jackson,47,Prefer not to say,Finance,Finance Manager,103615,11,4.8,37,4,No
EMP30004,Thomas Brown,50,Non-binary,Engineering,Tech Lead,82851,21,3.8,14,2,No
EMP09689,Christopher Brown,29,Male,HR,HR Coordinator,57698,6,1.1,36,5,No
EMP49692,Susan Hernandez,38,Female,Engineering,Junior Developer,46895,22,1.7,4,3,No
EMP28109,Michael Martin,47,Female,HR,HR Specialist,47806,12,2.6,34,1,No
EMP71052,Joseph Smith,53,Female,Marketing,Marketing Specialist,49040,19,3.6,40,4,No
EMP79559,Jessica Thomas,49,Prefer not to say,Sales,Sales Rep,51553,21,2.6,4,2,No
EMP15933,Mary Williams,45,Non-binary,Finance,Accountant,45409,0,2.5,5,4,No
EMP03168,Christopher Lopez,53,Male,Marketing,Content Creator,53804,20,1.8,12,5,No
EMP23764,Anthony Anderson,23,Male,Engineering,Junior Developer,44683,6,1.1,21,5,No
EMP18646,Margaret Moore,31,Female,Sales,Account Manager,67380,25,3.9,9,4,No
EMP07110,Elizabeth Brown,51,Female,Marketing,Marketing Manager,88316,0,2.9,37,5,No
EMP28489,Lisa Gonzalez,42,Male,Sales,Sales Rep,53740,3,3.0,8,5,No
EMP31146,Sarah Garcia,50,Female,HR,HR Specialist,48515,24,1.2,37,2,No
EMP31800,Sandra Williams,59,Non-binary,Sales,Sales Rep,34406,3,4.2,30,5,No
EMP42165,Daniel Thomas,27,Non-binary,Engineering,Senior Developer,96626,4,3.6,22,5,No
EMP99689,Thomas Davis,51,Female,Marketing,Marketing Specialist,51153,17,1.9,9,1,No
EMP03226,Mark Anderson,24,Male,Marketing,Content Creator,52659,5,1.6,3,1,No
EMP18753,Michael Hernandez,36,Male,Engineering,Senior Developer,82333,25,1.1,26,5,No
EMP48194,Richard Lopez,30,Prefer not to say,Engineering,Engineering Manager,137865,7,1.3,12,5,No
EMP60184,Jennifer Hernandez,36,Non-binary,HR,HR Coordinator,43415,6,2.3,40,1,No
EMP49582,Nancy Wilson,37,Female,Engineering,Senior Developer,71356,2,2.6,20,5,No
EMP99840,Jessica Taylor,24,Prefer not to say,Marketing,Marketing Manager,74871,7,4.6,6,5,No
EMP64232,Robert Smith,52,Non-binary,Marketing,Content Creator,46401,7,1.3,10,1,No
EMP41718,Christopher Anderson,22,Male,Finance,Finance Manager,82773,18,1.1,33,4,No
EMP57708,Nancy Johnson,54,Non-binary,Sales,Account Manager,74886,13,4.0,3,5,No
EMP31507,Michael Jones,43,Female,Sales,Account Manager,51325,11,2.9,37,1,No
EMP54034,Thomas Taylor,29,Prefer not to say,Engineering,Senior Developer,80452,10,2.4,34,3,No
EMP18031,Robert Brown,32,Non-binary,Finance,Financial Analyst,72400,14,3.5,9,1,No
EMP94470,Michael Williams,23,Female,Engineering,Junior Developer,52746,9,2.7,33,5,No
EMP46554,Charles Jones,41,Female,HR,HR Coordinator,56445,18,2.4,23,3,No
EMP96151,Jennifer Jones,32,Female,HR,HR Specialist,44783,4,2.4,7,4,No
EMP32769,John Lopez,50,Female,Sales,Account Manager,60147,18,1.5,1,3,No
EMP91955,Christopher Martinez,52,Non-binary,Marketing,Content Creator,47231,24,1.6,36,4,No
EMP91534,Anthony Davis,50,Non-binary,Engineering,Engineering Manager,135484,10,3.8,12,4,No
EMP10869,Thomas Gonzalez,34,Prefer not to say,Finance,Finance Manager,102770,7,4.1,20,3,No
EMP37430,Barbara Lopez,41,Prefer not to say,Finance,Finance Manager,104521,16,4.8,28,3,No
EMP74851,Elizabeth Thomas,55,Non-binary,Marketing,Content Creator,45810,9,1.7,4,4,No
EMP45771,Jennifer Gonzalez,40,Prefer not to say,Finance,Financial Analyst,86415,2,1.0,37,3,No
EMP00298,Jessica Brown,40,Prefer not to say,HR,HR Coordinator,59047,17,4.0,11,2,No
EMP74953,Jessica Jackson,49,Non-binary,Marketing,Marketing Manager,79352,20,2.0,7,1,No
EMP10381,Jennifer Johnson,39,Non-binary,HR,HR Manager,83330,23,3.3,26,3,No
EMP57107,Sarah Hernandez,42,Non-binary,HR,HR Specialist,48439,9,2.2,23,1,Yes
EMP27491,Michael Jones,54,Female,Finance,Financial Analyst,83640,4,1.1,12,5,No
EMP87784,Sandra Williams,29,Female,Finance,Finance Manager,115195,22,4.3,19,5,No
EMP59137,Patricia Davis,30,Female,HR,HR Specialist,46032,14,4.6,14,5,No
EMP47104,Susan Johnson,34,Male,HR,HR Specialist,60780,6,1.5,37,1,Yes
EMP77929,Jennifer Lopez,23,Male,Sales,Account Manager,67929,1,1.3,9,1,No
EMP76508,Matthew Smith,55,Female,HR,HR Manager,87159,11,2.4,10,5,No
EMP98461,Lisa Brown,33,Non-binary,Finance,Accountant,36058,23,1.4,24,2,No
EMP73454,Barbara Martinez,57,Male,Marketing,Marketing Specialist,59912,16,1.9,24,1,No
EMP24948,Mark Thomas,45,Female,HR,HR Coordinator,59755,19,3.9,0,4,No
EMP60145,Patricia Garcia,26,Non-binary,Marketing,Marketing Manager,102127,3,2.6,38,5,No
EMP27527,Christopher Gonzalez,44,Prefer not to say,Marketing,Marketing Specialist,50899,7,4.4,38,4,No
EMP12461,Patricia Johnson,26,Prefer not to say,Marketing,Content Creator,39592,16,2.1,24,4,No
EMP67654,Joseph Miller,40,Prefer not to say,Finance,Finance Manager,63897,10,1.6,31,5,No
EMP59049,Richard Anderson,42,Prefer not to say,Finance,Financial Analyst,65416,17,2.4,11,5,No
EMP41741,Lisa Thomas,57,Prefer not to say,Finance,Finance Manager,101434,24,2.2,30,2,No
EMP49639,William Johnson,23,Male,Finance,Accountant,63757,16,1.2,37,3,No
EMP33362,Christopher Martinez,59,Male,Sales,Sales Director,132401,10,2.5,4,4,No
EMP34859,David Smith,52,Male,HR,HR Specialist,57276,10,1.7,24,5,No
EMP62486,Jennifer Martin,41,Non-binary,HR,HR Manager,93760,3,4.2,27,1,No
EMP85209,Richard Davis,27,Male,Engineering,Engineering Manager,116940,20,4.4,36,1,No
EMP63845,Michael Wilson,47,Non-binary,Finance,Financial Analyst,63551,13,1.8,39,1,No
EMP86514,Lisa Anderson,39,Prefer not to say,Finance,Financial Analyst,83061,21,4.1,3,2,No
EMP16343,Anthony Williams,35,Prefer not to say,Finance,Accountant,52405,11,2.8,17,2,No
EMP22107,Elizabeth Anderson,53,Prefer not to say,HR,HR Manager,67678,5,2.0,12,5,No
EMP61894,James Johnson,27,Non-binary,Engineering,Tech Lead,126872,4,1.1,38,3,No
EMP38825,Thomas Brown,55,Non-binary,HR,HR Specialist,46738,13,4.6,38,1,No
EMP87921,Michael Rodriguez,50,Prefer not to say,Sales,Account Manager,65094,10,4.3,16,4,No
EMP34698,Sandra Jones,45,Prefer not to say,Finance,Accountant,54544,15,3.1,1,1,No
EMP67253,Daniel Lopez,29,Female,Finance,Accountant,42226,23,3.6,28,1,No
EMP39728,Jennifer Anderson,42,Prefer not to say,Marketing,Marketing Specialist,53526,12,4.7,5,3,No
EMP78886,Thomas Williams,44,Prefer not to say,Marketing,Content Creator,42412,23,2.7,38,3,No
EMP76146,James Gonzalez,34,Non-binary,Finance,Finance Manager,97577,10,2.8,10,1,No
EMP48115,William Martinez,34,Male,Engineering,Senior Developer,89864,19,3.7,26,3,No
EMP29966,Sandra Williams,51,Female,HR,HR Specialist,48915,12,4.5,3,5,No
EMP03917,Susan Anderson,53,Male,Marketing,Marketing Manager,116309,13,3.4,14,2,No
EMP34228,Nancy Miller,48,Female,Engineering,Senior Developer,78988,25,2.1,18,4,No
EMP36401,William Gonzalez,35,Prefer not to say,HR,HR Specialist,52290,19,2.8,27,2,No
EMP09436,Lisa Martin,24,Male,Finance,Financial Analyst,67674,2,1.4,19,1,No
EMP25981,William Taylor,49,Female,HR,HR Specialist,60425,17,1.2,16,2,No
EMP88792,Mark Rodriguez,38,Non-binary,Sales,Account Manager,59615,1,4.9,31,4,No
EMP20274,Mark Thomas,24,Prefer not to say,Engineering,Engineering Manager,134598,1,1.8,22,1,No
EMP10811,Thomas Rodriguez,58,Female,Finance,Financial Analyst,44440,14,3.0,33,2,No
EMP76806,Lisa Brown,47,Non-binary,Finance,Accountant,46361,13,4.7,37,2,No
EMP86495,James Hernandez,24,Prefer not to say,Sales,Account Manager,57828,4,1.1,36,4,No
EMP30093,Richard Rodriguez,33,Female,Engineering,Senior Developer,103428,1,4.2,25,3,No
EMP27614,Susan Martinez,60,Female,Sales,Sales Rep,43079,6,1.7,23,4,No
EMP45478,Karen Garcia,49,Prefer not to say,Finance,Accountant,61028,15,2.8,5,4,No
EMP67956,Robert Martinez,51,Prefer not to say,Sales,Sales Director,148447,10,4.9,19,2,No
EMP52000,Patricia Taylor,49,Prefer not to say,Engineering,Senior Developer,95943,21,4.6,6,2,No
EMP35707,Joseph Garcia,33,Prefer not to say,Marketing,Marketing Manager,103444,23,3.3,19,3,No
EMP62981,Jennifer Williams,60,Non-binary,HR,HR Manager,99148,23,2.8,6,4,No
EMP06446,Nancy Martin,53,Non-binary,Marketing,Marketing Manager,63188,0,1.0,23,1,No
EMP18610,Jessica Jones,37,Prefer not to say,Marketing,Content Creator,34823,2,1.5,40,1,No
EMP14197,Joseph Thomas,52,Male,Finance,Accountant,65345,2,2.2,12,4,No
EMP18444,Charles Martin,57,Non-binary,HR,HR Manager,80418,12,1.2,2,1,No
EMP20055,David Wilson,52,Male,Marketing,Marketing Manager,58091,18,3.9,22,4,No
EMP74455,Lisa Hernandez,60,Prefer not to say,Marketing,Marketing Manager,91045,13,1.1,8,3,No
EMP86777,Margaret Garcia,35,Non-binary,HR,HR Manager,92797,22,2.6,30,4,No
EMP14932,Mary Smith,44,Non-binary,Engineering,Senior Developer,79958,6,1.6,22,4,No
EMP31254,William Lopez,24,Non-binary,Engineering,Senior Developer,104868,16,1.1,32,1,No
EMP79797,Karen Brown,57,Male,Finance,Finance Manager,82176,3,3.8,32,4,No
EMP91245,Nancy Brown,31,Non-binary,Sales,Sales Rep,43136,20,1.5,12,2,No
EMP84212,Daniel Wilson,45,Female,Marketing,Content Creator,51379,24,4.1,9,2,No
EMP44487,Barbara Smith,50,Female,Finance,Financial Analyst,70048,25,1.9,33,4,No
EMP43091,Charles Johnson,55,Non-binary,Sales,Sales Rep,34351,10,2.3,26,2,No
EMP73389,Karen Jones,47,Prefer not to say,Marketing,Marketing Manager,72544,22,3.2,39,3,No
EMP78053,Nancy Jones,55,Non-binary,Finance,Finance Manager,75356,14,3.8,13,4,No
EMP71075,Linda Martinez,49,Male,Sales,Sales Director,116097,17,2.2,16,3,No
EMP45032,Nancy Jackson,58,Female,Finance,Financial Analyst,48544,3,1.2,22,1,No
EMP71517,Joseph Brown,31,Prefer not to say,Finance,Finance Manager,102934,4,3.9,3,5,No
EMP35553,David Jackson,53,Prefer not to say,Marketing,Marketing Specialist,49158,15,1.9,28,1,No
EMP54495,Thomas Brown,35,Prefer not to say,Marketing,Marketing Manager,67946,13,4.3,35,2,No
EMP15013,Barbara Martinez,40,Prefer not to say,HR,HR Specialist,52070,19,4.4,1,1,No
EMP93217,James Brown,57,Non-binary,Engineering,Senior Developer,88512,25,3.4,30,1,No
EMP74767,Thomas Anderson,50,Prefer not to say,Finance,Financial Analyst,69270,18,2.8,9,3,No
EMP42359,Mark Anderson,39,Male,HR,HR Specialist,57826,25,3.5,36,5,No
EMP09579,Thomas Miller,52,Male,HR,HR Manager,78335,20,1.5,7,5,No
EMP27848,Karen Hernandez,47,Male,Finance,Accountant,37753,0,2.1,21,2,No
EMP09521,Matthew Williams,31,Non-binary,Marketing,Marketing Specialist,52973,16,2.3,26,3,No
EMP00334,William Rodriguez,46,Male,Engineering,Junior Developer,55259,19,4.8,38,2,No
EMP31044,Jessica Smith,48,Female,Finance,Accountant,60062,15,3.0,1,5,No
EMP76154,Margaret Taylor,35,Female,HR,HR Manager,66038,18,3.7,15,2,No
EMP89661,Mary Thomas,39,Non-binary,Finance,Financial Analyst,89176,17,2.8,24,1,No
EMP21500,Daniel Brown,30,Non-binary,HR,HR Manager,102075,6,3.3,32,5,No
EMP26329,William Smith,30,Male,HR,HR Manager,88210,10,3.5,38,4,No
EMP56430,Mark Williams,56,Male,Marketing,Marketing Specialist,63205,0,3.7,28,4,No
EMP38891,Barbara Miller,50,Male,Sales,Account Manager,53788,12,4.3,14,3,No
EMP18682,Jessica Lopez,24,Non-binary,Sales,Account Manager,49800,21,4.7,38,3,No
EMP12511,Nancy Jackson,60,Female,Engineering,Junior Developer,50526,6,4.9,4,4,No
EMP98872,Margaret Smith,56,Non-binary,Finance,Accountant,50394,23,1.3,0,3,No
EMP83841,Thomas Anderson,53,Non-binary,Marketing,Marketing Manager,64640,21,4.8,33,1,No
EMP53338,Betty Smith,36,Prefer not to say,Sales,Sales Director,158754,7,1.2,12,4,No
EMP04079,Anthony Rodriguez,37,Male,Engineering,Tech Lead,100347,9,1.3,30,1,No
EMP97676,Charles Brown,27,Male,HR,HR Specialist,56324,10,3.1,4,2,No
EMP64100,Margaret Gonzalez,47,Male,Engineering,Junior Developer,46351,25,2.8,39,3,No
EMP03786,William Smith,51,Non-binary,Marketing,Marketing Specialist,48824,19,4.1,0,5,No
EMP91534,Karen Anderson,33,Female,Finance,Finance Manager,96240,2,3.4,8,2,No
EMP56355,John Jones,52,Non-binary,Sales,Sales Rep,40540,4,2.2,0,4,No
EMP28503,Michael Miller,26,Non-binary,Finance,Finance Manager,92478,21,3.7,12,1,No
EMP68532,William Garcia,28,Prefer not to say,Marketing,Marketing Manager,111120,22,4.9,31,5,No
EMP42478,Betty Gonzalez,35,Prefer not to say,Engineering,Junior Developer,38428,20,1.9,11,2,No
EMP51469,Barbara Johnson,23,Female,Sales,Account Manager,66942,0,1.3,16,1,No
EMP12181,Christopher Brown,43,Female,HR,HR Manager,103345,7,1.7,19,1,No
EMP99880,John Jones,34,Female,HR,HR Coordinator,42562,21,1.7,20,5,No
EMP75821,Linda Johnson,39,Female,Finance,Financial Analyst,64809,20,2.0,32,1,No
EMP76138,Matthew Taylor,45,Prefer not to say,Finance,Financial Analyst,61638,6,3.9,23,4,No
EMP45676,Michael Davis,34,Prefer not to say,Finance,Finance Manager,98884,15,3.9,15,4,No
EMP59351,Robert Martinez,50,Non-binary,Marketing,Marketing Specialist,52280,9,2.7,32,4,No
EMP48331,Linda Rodriguez,26,Non-binary,Finance,Financial Analyst,70933,13,2.8,5,4,No
EMP79000,Michael Hernandez,34,Non-binary,HR,HR Manager,94996,16,3.2,17,1,No
EMP90287,Richard Gonzalez,59,Male,Engineering,Senior Developer,106084,24,3.9,30,5,No
EMP45777,Joseph Hernandez,27,Non-binary,Finance,Accountant,63213,12,1.9,26,2,No
EMP35190,Betty Lopez,43,Female,Engineering,Engineering Manager,112990,14,4.4,26,1,No
EMP25501,William Jackson,60,Prefer not to say,Marketing,Marketing Manager,99053,24,2.6,25,5,No
EMP39631,Lisa Moore,33,Male,Sales,Sales Director,118488,12,1.8,38,1,No
EMP22600,Thomas Smith,32,Non-binary,Marketing,Marketing Specialist,57103,5,1.8,10,4,No
EMP39283,Anthony Thomas,32,Non-binary,Sales,Sales Rep,39641,17,2.7,37,1,No
EMP48623,Charles Thomas,51,Prefer not to say,Engineering,Engineering Manager,101695,8,1.8,18,2,No
EMP38841,Karen Wilson,51,Prefer not to say,Marketing,Content Creator,42580,22,4.4,11,3,No
EMP28262,Sandra Williams,35,Prefer not to say,Finance,Accountant,45493,12,3.8,7,1,No
EMP41200,Christopher Anderson,46,Non-binary,HR,HR Specialist,56721,24,1.4,25,3,No
EMP71644,Robert Moore,37,Prefer not to say,Engineering,Engineering Manager,152990,1,1.0,10,1,No
EMP53076,John Anderson,44,Female,Sales,Sales Director,145736,3,1.7,13,1,No
EMP67833,Mary Martin,22,Male,Finance,Accountant,60084,14,3.8,15,5,No
EMP00860,Mark Brown,32,Female,HR,HR Specialist,37322,6,1.4,2,4,No
EMP51259,Patricia Davis,35,Male,Marketing,Marketing Manager,84824,3,4.3,25,3,No
EMP08630,Michael Wilson,41,Prefer not to say,HR,HR Specialist,53631,12,1.9,6,2,No
EMP59669,Daniel Jones,43,Female,Finance,Finance Manager,79463,5,2.0,20,1,No
EMP45757,James Davis,23,Male,Marketing,Marketing Specialist,39832,10,1.1,19,5,No
EMP03212,Mary Davis,60,Prefer not to say,Engineering,Engineering Manager,128825,24,2.0,17,1,No
EMP74872,Nancy Hernandez,43,Female,HR,HR Manager,82306,25,4.0,13,5,No
EMP63340,Margaret Thomas,26,Female,Finance,Accountant,83603,21,5.0,13,2,No
EMP20737,Linda Wilson,33,Female,Engineering,Junior Developer,57496,5,3.4,19,2,No
EMP27093,Jennifer Thomas,50,Prefer not to say,HR,HR Manager,71791,14,4.9,9,2,No
EMP79517,David Gonzalez,51,Non-binary,Marketing,Marketing Specialist,51577,24,2.5,29,1,No
EMP37190,Margaret Taylor,45,Prefer not to say,HR,HR Coordinator,47938,17,3.4,25,1,No
EMP08919,Jennifer Miller,49,Non-binary,HR,HR Coordinator,59827,15,2.2,22,5,No
EMP66972,Mary Lopez,23,Female,Finance,Finance Manager,98823,15,3.5,9,3,No
EMP07693,Charles Williams,55,Female,HR,HR Specialist,58248,19,3.3,27,2,No
EMP96334,Mark Williams,28,Non-binary,Engineering,Engineering Manager,136062,8,3.8,13,5,No
EMP80065,Christopher Martinez,49,Female,Marketing,Marketing Manager,80170,9,1.0,11,2,No
EMP19481,Mary Garcia,34,Non-binary,HR,HR Specialist,65109,22,1.5,28,4,No
EMP01002,Jessica Brown,22,Male,Finance,Accountant,56114,20,1.7,17,3,No
EMP05069,Matthew Rodriguez,53,Prefer not to say,Sales,Sales Director,121064,18,4.2,21,1,No
EMP96303,William Brown,22,Prefer not to say,HR,HR Manager,75612,10,5.0,25,2,No
EMP26836,Lisa Thomas,54,Prefer not to say,Engineering,Junior Developer,49682,19,1.5,40,5,No
EMP97624,Nancy Martin,27,Non-binary,HR,HR Specialist,49498,20,2.4,27,1,No
EMP21155,Margaret Taylor,24,Female,Marketing,Marketing Manager,84237,22,4.6,35,4,No
EMP62276,Robert Brown,49,Male,Marketing,Marketing Specialist,52043,14,4.8,10,4,No
EMP69669,Christopher Thomas,27,Non-binary,HR,HR Coordinator,68256,24,2.1,38,3,No
EMP67942,David Brown,40,Male,Sales,Sales Director,89943,10,2.5,7,4,No
EMP71389,Charles Smith,41,Male,Sales,Account Manager,59659,23,3.4,24,2,No
EMP56235,Joseph Hernandez,31,Non-binary,Marketing,Content Creator,45495,24,2.5,14,2,No
EMP16875,Elizabeth Taylor,29,Non-binary,Marketing,Marketing Manager,111134,14,1.6,30,3,No
EMP08178,Sandra Davis,25,Female,Engineering,Engineering Manager,129395,9,3.8,31,4,No
EMP95369,Matthew Gonzalez,47,Male,Marketing,Content Creator,42216,21,4.6,12,2,No
EMP80936,Charles Jones,50,Prefer not to say,Finance,Financial Analyst,66551,3,1.5,18,5,No
EMP70756,Margaret Jones,46,Prefer not to say,Engineering,Senior Developer,81680,6,4.2,3,2,No
EMP15341,Nancy Gonzalez,37,Male,Sales,Account Manager,59654,15,1.7,7,1,No
EMP96367,Lisa Williams,51,Prefer not to say,Engineering,Engineering Manager,125522,15,2.2,23,5,No
EMP69259,Jessica Rodriguez,28,Female,Sales,Sales Rep,54700,3,1.3,24,4,No
EMP13785,Richard Smith,47,Prefer not to say,Marketing,Marketing Manager,113672,22,2.7,34,5,No
EMP86043,Mary Jones,58,Female,Sales,Sales Rep,50028,21,4.6,10,2,No
EMP01291,Lisa Smith,37,Non-binary,Sales,Sales Director,161645,8,4.4,18,1,No
EMP59352,Patricia Johnson,37,Male,Finance,Financial Analyst,75044,4,3.3,12,3,No
EMP55274,Sarah Rodriguez,38,Prefer not to say,Engineering,Tech Lead,104196,6,4.8,29,5,No
EMP50796,Michael Lopez,58,Female,Sales,Account Manager,60294,21,2.7,26,2,No
EMP92256,Susan Williams,43,Male,Engineering,Tech Lead,100324,25,2.7,17,1,No
EMP92971,Thomas Martinez,59,Prefer not to say,Engineering,Senior Developer,93718,8,1.0,6,4,No
EMP56819,Richard Garcia,44,Prefer not to say,Finance,Financial Analyst,62727,22,3.3,0,3,No
EMP37079,Daniel Davis,60,Prefer not to say,Finance,Finance Manager,101135,4,3.6,29,2,No
EMP29579,Linda Martinez,27,Non-binary,Engineering,Engineering Manager,115942,11,4.2,5,5,No
EMP10754,Margaret Smith,49,Female,Sales,Sales Rep,48239,23,2.0,30,1,No
EMP64697,Daniel Wilson,56,Non-binary,Marketing,Marketing Manager,90802,21,5.0,33,5,No
EMP68520,Anthony Jones,54,Non-binary,Finance,Accountant,72249,19,2.8,3,2,No
EMP36888,Elizabeth Martinez,52,Non-binary,Marketing,Content Creator,47955,12,1.7,40,1,No
EMP80464,Barbara Smith,51,Non-binary,Finance,Financial Analyst,68679,6,4.7,19,5,No
EMP40415,Mark Jones,48,Male,HR,HR Specialist,50754,0,2.4,16,2,No
EMP52964,John Lopez,49,Male,Marketing,Content Creator,47559,9,2.5,22,2,No
EMP37911,Jessica Rodriguez,29,Prefer not to say,Engineering,Junior Developer,41246,6,2.1,8,2,No
EMP19713,James Davis,25,Non-binary,HR,HR Coordinator,55662,16,3.9,27,4,No
EMP20467,Jennifer Davis,39,Male,Finance,Finance Manager,131676,0,2.7,15,3,No
EMP75195,Christopher Jones,36,Male,Marketing,Marketing Specialist,33118,15,3.8,8,1,No
EMP46004,Elizabeth Davis,36,Non-binary,Marketing,Marketing Specialist,49518,8,5.0,27,2,No
EMP97281,James Johnson,42,Female,Sales,Account Manager,66554,3,2.1,18,3,No
EMP24316,Lisa Moore,30,Non-binary,Marketing,Content Creator,39599,19,1.4,37,2,No
EMP23817,Patricia Johnson,59,Female,Finance,Finance Manager,121002,11,2.0,12,3,No
EMP37927,Mary Jones,34,Prefer not to say,Marketing,Marketing Specialist,46345,2,4.8,35,5,No
EMP90495,James Garcia,60,Non-binary,HR,HR Coordinator,53036,14,3.5,8,1,No
EMP73689,Jennifer Anderson,54,Prefer not to say,HR,HR Specialist,43107,18,1.2,38,2,No
EMP26874,Daniel Taylor,38,Non-binary,HR,HR Specialist,47145,5,1.0,14,5,No
EMP25269,David Jones,39,Male,HR,HR Manager,88252,8,3.2,13,2,No
EMP93982,John Wilson,40,Non-binary,Finance,Accountant,52863,0,3.6,3,5,No
EMP19597,Matthew Jackson,28,Prefer not to say,Sales,Account Manager,72086,7,3.9,40,3,No
EMP32683,Joseph Davis,49,Non-binary,Finance,Finance Manager,96125,6,4.3,9,2,No
EMP81591,Elizabeth Smith,41,Female,Marketing,Marketing Specialist,62806,15,1.7,38,2,No
EMP46471,Matthew Smith,60,Male,Engineering,Junior Developer,40868,4,1.3,24,2,No
EMP17295,Betty Smith,28,Non-binary,Sales,Sales Rep,46711,24,4.3,8,1,No
EMP31066,Patricia Smith,24,Male,Marketing,Marketing Manager,85455,14,4.3,34,3,No
EMP19041,Christopher Martinez,36,Prefer not to say,HR,HR Specialist,45402,16,4.5,7,4,No
EMP36199,Mark Johnson,60,Female,Marketing,Marketing Specialist,40606,3,1.9,11,3,No
EMP16383,Patricia Rodriguez,53,Non-binary,Marketing,Marketing Manager,112473,10,3.4,4,4,No
EMP14798,Patricia Jackson,49,Non-binary,Sales,Sales Rep,39958,24,3.6,9,3,No
EMP34496,Christopher Hernandez,30,Female,Sales,Account Manager,55859,4,1.7,34,4,No
EMP35456,Nancy Davis,27,Female,Finance,Financial Analyst,76626,17,3.1,23,2,No
EMP99038,Margaret Jones,40,Prefer not to say,Sales,Sales Rep,53162,0,2.4,26,4,No
EMP16176,Susan Lopez,25,Male,Engineering,Senior Developer,104656,7,1.2,37,2,Yes
EMP00581,Jennifer Thomas,30,Non-binary,Finance,Accountant,44312,0,1.6,28,2,No
EMP61134,Mark Anderson,57,Non-binary,Sales,Account Manager,67907,3,1.6,36,1,No
EMP59126,Linda Gonzalez,33,Male,Engineering,Engineering Manager,138903,5,2.1,20,1,No
EMP61106,Margaret Hernandez,23,Female,Marketing,Content Creator,40603,5,1.2,18,3,No
EMP73560,David Williams,58,Male,Engineering,Junior Developer,37793,2,1.8,2,1,Yes
EMP95333,John Brown,43,Prefer not to say,Sales,Account Manager,58282,0,4.9,32,3,No
EMP53582,John Anderson,27,Male,Sales,Sales Director,132494,25,4.1,13,1,No
EMP69373,Barbara Martin,49,Male,Engineering,Senior Developer,82296,16,3.1,24,5,No
EMP59007,Elizabeth Moore,27,Prefer not to say,Engineering,Senior Developer,94184,19,3.4,18,2,No
EMP01724,David Anderson,30,Male,Engineering,Junior Developer,53627,8,3.3,36,3,No
EMP46645,Karen Hernandez,45,Male,Marketing,Marketing Specialist,48172,11,4.4,16,4,No
EMP65113,Charles Gonzalez,26,Female,Sales,Sales Director,100534,20,1.2,24,2,No
EMP69407,Sandra Gonzalez,49,Female,Marketing,Marketing Manager,85985,2,2.4,21,4,No
EMP14591,Michael Hernandez,58,Male,Finance,Financial Analyst,70159,6,3.8,38,4,No
EMP92207,Susan Rodriguez,38,Female,Marketing,Marketing Specialist,54556,25,2.4,25,4,No
EMP56280,Mark Wilson,43,Non-binary,Sales,Account Manager,66852,22,2.8,10,4,No
EMP61636,Richard Smith,57,Female,Engineering,Tech Lead,131631,13,2.9,39,5,No
EMP08943,Betty Wilson,38,Male,Engineering,Tech Lead,121506,21,4.9,28,3,No
EMP07167,Karen Gonzalez,35,Non-binary,Engineering,Engineering Manager,133177,20,4.9,36,1,No
EMP58664,Susan Lopez,44,Prefer not to say,Sales,Account Manager,71149,11,1.1,33,3,No
EMP15538,Daniel Wilson,40,Male,HR,HR Specialist,63575,5,2.8,6,3,No
EMP17656,Thomas Jackson,24,Non-binary,Sales,Sales Director,119050,0,3.5,26,4,No
EMP18937,Joseph Wilson,47,Male,Engineering,Senior Developer,105677,24,2.8,32,4,No
EMP60900,Betty Lopez,55,Non-binary,HR,HR Coordinator,49665,21,2.1,21,4,No
EMP16885,John Gonzalez,33,Prefer not to say,Engineering,Engineering Manager,149395,7,3.2,27,4,No
EMP15379,Anthony Moore,32,Non-binary,Engineering,Junior Developer,44873,22,4.2,13,5,No
EMP16595,James Jones,51,Non-binary,Sales,Sales Rep,48809,0,2.7,14,5,No
EMP76296,Christopher Jackson,28,Male,HR,HR Specialist,60049,17,4.4,29,4,No
EMP80438,Richard Brown,53,Male,Finance,Accountant,49394,3,1.6,40,3,No
EMP64129,Lisa Jackson,60,Male,Sales,Sales Rep,49019,21,2.7,7,3,No
EMP51791,James Moore,23,Female,HR,HR Coordinator,56651,15,5.0,13,5,No
EMP24935,Elizabeth Anderson,53,Prefer not to say,Sales,Account Manager,74082,4,1.9,32,2,No
EMP91751,Michael Thomas,49,Prefer not to say,Engineering,Tech Lead,85722,5,1.8,20,3,No
EMP53601,Mary Taylor,38,Prefer not to say,Finance,Accountant,64650,19,2.5,18,2,No
EMP18412,Michael Lopez,45,Female,Finance,Finance Manager,101412,16,2.4,20,1,No
EMP78536,Thomas Miller,28,Non-binary,Sales,Sales Director,110963,10,1.9,38,5,No
EMP33184,David Wilson,29,Male,Sales,Sales Director,96651,20,2.7,37,4,No
EMP68992,Anthony Gonzalez,24,Male,Marketing,Marketing Specialist,55092,18,1.1,21,1,No
EMP72745,William Thomas,25,Prefer not to say,Sales,Sales Rep,39183,15,1.4,31,4,No
EMP00136,Susan Davis,32,Male,Sales,Account Manager,91743,19,1.4,12,2,No
EMP27190,William Martin,46,Non-binary,HR,HR Manager,84722,0,4.7,37,1,No
EMP78944,Patricia Taylor,55,Female,Marketing,Marketing Specialist,35168,4,2.3,36,2,No
EMP74077,Barbara Moore,37,Female,Marketing,Marketing Manager,88191,15,4.9,31,3,No
EMP81125,Thomas Taylor,42,Non-binary,Sales,Sales Rep,42489,0,3.7,29,4,No
EMP34624,Robert Rodriguez,49,Female,Engineering,Junior Developer,42807,4,1.9,36,3,No
EMP28106,Joseph Lopez,38,Male,Sales,Sales Rep,29708,14,4.5,35,1,No
EMP55020,Christopher Gonzalez,49,Female,Sales,Account Manager,62297,13,1.8,38,4,No
EMP10211,Mark Johnson,58,Non-binary,HR,HR Manager,108917,19,3.0,15,4,No
EMP64328,Daniel Rodriguez,53,Female,Sales,Sales Director,125781,3,2.1,40,5,No
EMP05743,Sandra Davis,32,Non-binary,HR,HR Manager,103455,19,2.2,4,1,No
EMP96409,Mark Williams,32,Male,Engineering,Senior Developer,57016,10,4.6,37,2,No
EMP85985,Jennifer Jones,28,Male,Sales,Account Manager,50651,7,2.9,19,1,No
EMP24303,Daniel Hernandez,55,Prefer not to say,HR,HR Coordinator,64532,15,3.9,40,5,No
EMP30564,Michael Williams,34,Prefer not to say,Sales,Sales Rep,51683,13,4.4,40,2,No
EMP98193,William Gonzalez,59,Prefer not to say,Sales,Account Manager,72381,20,3.7,12,4,No
EMP17573,Patricia Smith,53,Female,Sales,Sales Director,115119,16,3.8,29,5,No
EMP32700,Elizabeth Jackson,29,Male,Engineering,Tech Lead,108337,19,3.2,22,2,No
EMP75959,Daniel Rodriguez,31,Female,Sales,Sales Rep,45049,8,1.6,27,3,No
EMP92633,Mark Brown,38,Non-binary,Finance,Accountant,53599,9,1.9,27,4,No
EMP24132,Sandra Anderson,56,Female,HR,HR Manager,89965,4,3.7,24,2,No
EMP56334,Susan Anderson,23,Male,Marketing,Marketing Specialist,59864,4,3.1,8,3,No
EMP36880,Margaret Gonzalez,30,Prefer not to say,Finance,Financial Analyst,65186,25,2.0,0,5,No
EMP08630,Elizabeth Jackson,52,Non-binary,Marketing,Marketing Manager,94520,14,4.4,37,1,No
EMP55918,Christopher Jones,41,Non-binary,Finance,Finance Manager,94252,22,1.2,0,2,No
EMP06102,Jessica Smith,54,Prefer not to say,Marketing,Marketing Manager,66172,22,1.8,19,1,No
EMP26461,John Smith,33,Female,Marketing,Content Creator,58417,5,4.3,15,5,No
EMP69463,Daniel Brown,51,Prefer not to say,Engineering,Senior Developer,87804,15,2.9,18,3,No
EMP36860,Sandra Lopez,30,Prefer not to say,Marketing,Marketing Specialist,47929,18,2.6,29,5,No
EMP29551,John Lopez,58,Non-binary,HR,HR Specialist,35641,5,2.4,8,5,No
EMP96346,Charles Taylor,55,Non-binary,HR,HR Manager,102099,9,4.7,8,1,No
EMP80072,Lisa Brown,53,Prefer not to say,HR,HR Manager,90382,18,2.4,15,5,No
EMP90207,Joseph Lopez,60,Male,Sales,Sales Rep,49383,23,4.6,11,4,No
EMP95124,Elizabeth Davis,34,Female,HR,HR Specialist,41580,22,2.8,12,2,No
EMP28834,Sarah Williams,43,Female,Sales,Sales Director,128885,0,3.5,33,1,No
EMP88846,Margaret Williams,58,Male,Engineering,Engineering Manager,146410,16,2.4,6,5,No
EMP32992,Daniel Lopez,26,Female,Sales,Account Manager,73434,7,1.2,18,5,No
EMP95306,Patricia Jackson,52,Non-binary,Sales,Sales Director,117366,18,2.0,26,5,No
EMP15796,Mark Johnson,37,Prefer not to say,HR,HR Specialist,48423,10,4.6,4,1,No
EMP30479,Mark Moore,52,Female,Finance,Finance Manager,99437,22,4.3,2,1,No
EMP47829,James Miller,56,Prefer not to say,Marketing,Marketing Manager,93909,7,3.6,1,4,No
EMP64414,Mark Martin,45,Non-binary,Finance,Financial Analyst,71788,1,2.5,3,4,No
EMP47850,Betty Smith,37,Male,Engineering,Senior Developer,97809,2,3.4,4,2,No
EMP36891,Richard Thomas,29,Male,Sales,Sales Rep,59135,14,1.7,13,1,No
EMP43358,Linda Taylor,39,Non-binary,Marketing,Marketing Manager,104714,23,4.3,34,2,No
EMP76221,Thomas Davis,41,Female,Finance,Accountant,68022,1,2.4,9,4,No
EMP90825,Elizabeth Williams,25,Non-binary,Sales,Sales Rep,52559,22,2.8,39,4,No
EMP42365,Lisa Martinez,24,Non-binary,Marketing,Content Creator,62589,0,4.5,21,4,No
EMP76879,Matthew Johnson,28,Prefer not to say,HR,HR Manager,82981,6,4.0,18,3,No
EMP72949,Linda Jones,22,Non-binary,Finance,Financial Analyst,75678,13,3.3,5,5,No
EMP63678,Karen Smith,29,Non-binary,Engineering,Tech Lead,71431,10,3.3,36,1,No
EMP44948,Michael Wilson,25,Male,HR,HR Coordinator,53126,5,2.8,20,1,No
EMP24218,Christopher Johnson,36,Male,Marketing,Marketing Specialist,62561,8,4.1,2,3,No
EMP70722,Lisa Lopez,56,Male,Engineering,Engineering Manager,115402,18,2.3,4,5,No
EMP25860,Susan Martinez,31,Male,Finance,Financial Analyst,62409,3,3.0,20,2,No
EMP49610,Sandra Jones,59,Male,Finance,Financial Analyst,73522,10,4.9,20,3,No
EMP79356,John Gonzalez,27,Male,Finance,Finance Manager,106400,24,4.0,14,5,No
EMP51876,Lisa Taylor,55,Prefer not to say,Finance,Finance Manager,95965,18,3.5,36,4,No
EMP23964,Mark Wilson,45,Male,HR,HR Specialist,54509,10,2.0,22,3,No
EMP64458,John Moore,37,Prefer not to say,Finance,Finance Manager,89805,2,4.7,38,4,No
EMP45148,Michael Garcia,51,Male,HR,HR Coordinator,44146,10,2.3,10,1,No
EMP71046,Robert Jones,54,Prefer not to say,Sales,Account Manager,72519,8,4.1,25,4,No
EMP88569,Mary Williams,44,Prefer not to say,Finance,Accountant,53394,22,2.2,26,3,No
EMP77758,Thomas Williams,31,Male,Marketing,Marketing Manager,79203,13,2.2,29,4,No
EMP27240,Thomas Taylor,59,Prefer not to say,Marketing,Content Creator,44162,14,1.7,18,5,No
EMP09874,David Jackson,42,Male,HR,HR Coordinator,52149,10,4.0,18,2,No
EMP29979,Lisa Rodriguez,31,Male,HR,HR Coordinator,59064,14,1.9,13,2,No
EMP99570,Anthony Smith,45,Female,Finance,Finance Manager,92754,24,1.7,27,5,No
EMP97918,Jessica Rodriguez,27,Female,Marketing,Marketing Manager,122160,4,4.3,17,3,No
EMP73526,Thomas Williams,42,Male,Sales,Account Manager,44323,25,1.3,33,2,No
EMP96258,Linda Miller,38,Prefer not to say,HR,HR Specialist,57076,17,3.6,9,1,No
EMP18987,James Wilson,26,Prefer not to say,Marketing,Marketing Specialist,47012,23,3.0,11,2,No
EMP62359,Mark Martinez,36,Non-binary,Sales,Account Manager,62633,22,2.1,31,4,No
EMP40187,Elizabeth Wilson,50,Non-binary,Marketing,Marketing Manager,90232,12,3.4,11,5,No
EMP77484,Susan Davis,23,Non-binary,Marketing,Content Creator,55572,21,1.5,17,4,No
EMP72334,Richard Rodriguez,25,Non-binary,Finance,Accountant,51909,25,2.6,40,5,No
EMP85719,Karen Hernandez,30,Male,Sales,Account Manager,65623,14,2.6,1,5,No
EMP75653,Michael Garcia,56,Prefer not to say,Marketing,Marketing Specialist,55581,24,3.8,10,3,No
EMP90091,Richard Thomas,24,Female,HR,HR Coordinator,50405,13,1.9,18,2,No
EMP07834,Anthony Rodriguez,27,Male,HR,HR Specialist,60732,7,3.5,26,2,No
EMP90538,Margaret Martinez,42,Prefer not to say,Sales,Sales Rep,49836,23,4.3,32,5,No
EMP26420,Susan Moore,39,Prefer not to say,Sales,Account Manager,61740,8,2.8,32,1,No
EMP97745,James Gonzalez,36,Prefer not to say,Engineering,Engineering Manager,159672,0,5.0,23,4,No
EMP16052,Jessica Jackson,37,Male,Marketing,Marketing Manager,101792,3,3.6,30,3,No
EMP72331,William Jackson,60,Prefer not to say,Finance,Finance Manager,116111,18,4.0,0,1,No
EMP53637,Thomas Moore,27,Male,HR,HR Manager,89888,6,4.0,8,4,No
EMP18184,Christopher Taylor,53,Female,Sales,Sales Rep,46220,16,4.0,35,2,No
EMP97823,Mark Lopez,58,Female,Marketing,Content Creator,53521,0,2.2,13,4,No
EMP42379,Sandra Jones,32,Prefer not to say,Finance,Finance Manager,114178,11,3.1,0,3,No
EMP90710,Joseph Hernandez,28,Male,HR,HR Coordinator,47161,5,1.6,4,1,No
EMP28853,Karen Gonzalez,38,Female,Finance,Accountant,49736,11,3.5,4,2,No
EMP15156,Richard Hernandez,58,Non-binary,Finance,Accountant,71913,3,3.9,39,3,No
EMP90811,Margaret Smith,42,Male,Marketing,Marketing Specialist,49347,5,1.0,3,2,Yes
EMP51533,Jessica Lopez,41,Non-binary,Marketing,Content Creator,33353,21,2.9,13,3,No
EMP54765,Susan Lopez,33,Male,Engineering,Tech Lead,103447,22,1.6,23,4,No
EMP68913,Sandra Smith,34,Prefer not to say,Marketing,Marketing Manager,84291,11,3.9,37,2,No
EMP50266,Richard Johnson,38,Non-binary,HR,HR Coordinator,59163,3,4.6,40,3,No
EMP96448,Matthew Moore,28,Male,Sales,Sales Director,103076,0,4.5,9,4,No
EMP06005,Margaret Miller,23,Non-binary,Engineering,Senior Developer,97840,2,2.7,20,1,No
EMP46017,John Rodriguez,27,Female,Engineering,Tech Lead,97581,16,1.1,12,4,No
EMP35148,Robert Jackson,51,Male,Finance,Financial Analyst,70851,5,3.5,7,1,No
EMP59772,Barbara Anderson,27,Female,Sales,Sales Rep,41376,23,1.3,12,3,No
EMP11321,Mark Miller,33,Non-binary,Engineering,Tech Lead,133313,1,2.5,16,3,No
EMP37586,Jennifer Johnson,59,Prefer not to say,Marketing,Content Creator,53214,2,3.0,27,5,No
EMP26587,Robert Taylor,35,Non-binary,HR,HR Manager,110330,25,3.7,13,3,No
EMP61153,Richard Jackson,24,Non-binary,Marketing,Content Creator,44942,1,4.7,0,5,No
EMP13157,Joseph Martin,51,Prefer not to say,Engineering,Engineering Manager,103798,15,2.3,25,1,No
EMP36398,Matthew Taylor,28,Prefer not to say,Marketing,Marketing Specialist,46478,8,3.9,36,5,No
EMP98991,Charles Jones,30,Non-binary,Marketing,Marketing Manager,94802,0,1.7,3,2,No
EMP10183,Robert Garcia,37,Female,HR,HR Specialist,38907,25,2.4,9,4,No
EMP05324,Richard Anderson,37,Male,Finance,Financial Analyst,74354,0,2.9,24,3,No
EMP78874,Richard Moore,26,Non-binary,Engineering,Tech Lead,82973,24,4.7,37,4,No
EMP33867,Sandra Williams,36,Female,Sales,Sales Rep,45813,19,1.7,31,2,No
EMP36423,Anthony Thomas,24,Non-binary,Engineering,Junior Developer,57584,6,2.2,10,1,No
EMP61880,William Jones,58,Prefer not to say,Finance,Accountant,55653,14,4.2,29,3,No
EMP40471,Betty Anderson,54,Non-binary,Sales,Account Manager,67977,20,4.8,34,4,No
EMP53613,Sandra Jackson,38,Female,HR,HR Specialist,38389,25,1.7,32,4,No
EMP21438,Lisa Lopez,38,Prefer not to say,Finance,Finance Manager,93434,14,2.7,1,4,No
EMP03653,Mary Moore,47,Female,Finance,Financial Analyst,75289,5,2.2,11,4,No
EMP64296,Linda Taylor,58,Prefer not to say,Sales,Sales Director,135487,3,1.5,2,2,Yes
EMP36341,Nancy Rodriguez,27,Prefer not to say,Sales,Account Manager,67190,16,4.9,7,1,No
EMP82734,Matthew Wilson,39,Female,Engineering,Tech Lead,105865,9,3.5,38,5,No
EMP40412,Karen Hernandez,28,Female,Marketing,Marketing Specialist,63472,21,2.1,14,1,No
EMP27856,William Moore,46,Prefer not to say,Sales,Sales Director,122589,10,1.9,21,5,No
EMP26620,Margaret Jackson,27,Prefer not to say,HR,HR Coordinator,54440,14,1.6,35,4,No
EMP32360,Karen Jackson,32,Non-binary,HR,HR Specialist,42865,6,4.0,1,5,No
EMP35391,Richard Miller,35,Male,HR,HR Manager,89145,23,3.0,36,2,No
EMP53292,Matthew Lopez,28,Non-binary,HR,HR Specialist,40752,5,4.1,14,4,No
EMP18408,Matthew Anderson,33,Male,Marketing,Content Creator,47871,24,2.9,24,4,No
EMP10265,Robert Martin,58,Prefer not to say,Finance,Finance Manager,112527,13,4.9,15,4,No
EMP06735,Michael Garcia,51,Non-binary,Engineering,Engineering Manager,124193,21,1.4,15,3,No
EMP10054,Lisa Martin,50,Female,Engineering,Engineering Manager,145160,22,4.7,32,3,No
EMP27076,Susan Taylor,52,Prefer not to say,Sales,Sales Director,73739,10,4.5,4,2,No
EMP65047,Elizabeth Gonzalez,24,Non-binary,Marketing,Content Creator,34694,22,3.1,40,5,No
EMP87577,Barbara Wilson,43,Female,Marketing,Content Creator,57740,25,1.5,15,2,No
EMP47773,Daniel Anderson,43,Prefer not to say,Marketing,Marketing Specialist,48849,8,1.4,38,1,Yes
EMP85737,Charles Martinez,52,Prefer not to say,Engineering,Senior Developer,69298,16,2.2,18,2,No
EMP22851,James Rodriguez,45,Prefer not to say,Engineering,Senior Developer,57924,4,3.4,22,4,No
EMP68443,Lisa Williams,43,Female,Engineering,Tech Lead,115104,16,2.5,19,4,No
EMP63499,Anthony Taylor,36,Female,Engineering,Senior Developer,82843,4,2.1,40,1,Yes
EMP85074,Thomas Davis,37,Non-binary,HR,HR Manager,97784,2,2.1,11,5,No
EMP06501,Anthony Williams,30,Non-binary,Engineering,Senior Developer,93500,22,3.9,37,2,No
EMP36110,Michael Brown,56,Female,Finance,Financial Analyst,70735,14,1.4,38,1,No
EMP81871,Betty Martin,51,Male,Marketing,Content Creator,47919,18,1.0,17,4,No
EMP59282,David Moore,54,Non-binary,Marketing,Marketing Manager,103804,5,2.3,40,4,No
EMP08541,Matthew Wilson,41,Male,Marketing,Marketing Specialist,59528,24,4.8,40,4,No
EMP25351,Elizabeth Martin,35,Female,Finance,Accountant,53741,6,4.1,20,2,No
EMP86199,Christopher Martin,48,Non-binary,Engineering,Senior Developer,86327,24,2.6,19,2,No
EMP83357,James Gonzalez,25,Prefer not to say,HR,HR Specialist,55805,9,2.3,22,3,No
EMP27233,Betty Gonzalez,42,Female,Engineering,Engineering Manager,137945,24,2.1,28,2,No
EMP79599,Matthew Gonzalez,53,Female,HR,HR Specialist,40060,2,2.0,17,3,No
EMP62391,John Williams,42,Prefer not to say,Finance,Finance Manager,113741,12,1.2,37,1,No
EMP56586,John Williams,42,Non-binary,Engineering,Junior Developer,36369,14,2.0,28,5,No
EMP31926,Sandra Smith,30,Male,Engineering,Senior Developer,76565,10,2.9,31,4,No
EMP35998,William Moore,53,Non-binary,Sales,Sales Director,105186,1,4.7,36,5,No
EMP05115,Margaret Williams,58,Prefer not to say,HR,HR Manager,60442,2,3.9,4,5,No
EMP60635,Daniel Wilson,23,Prefer not to say,Marketing,Content Creator,33549,14,2.8,36,2,No
EMP03185,Matthew Hernandez,56,Prefer not to say,HR,HR Specialist,47145,19,4.3,36,1,No
EMP21068,Matthew Jones,56,Non-binary,HR,HR Manager,87166,18,1.6,4,2,No
EMP34292,Barbara Smith,30,Prefer not to say,HR,HR Coordinator,69353,7,3.6,1,2,No
EMP43238,Robert Garcia,54,Male,Marketing,Marketing Manager,112936,23,1.8,10,1,No
EMP73197,Barbara Thomas,38,Male,Engineering,Junior Developer,51272,15,4.0,24,3,No
EMP84839,Robert Gonzalez,52,Male,Marketing,Content Creator,47559,3,2.4,17,3,No
EMP51167,Mary Martin,35,Non-binary,HR,HR Specialist,44624,4,4.4,10,2,No
EMP78181,Jennifer Smith,53,Female,Marketing,Marketing Specialist,57827,5,4.7,19,2,No
EMP60004,Nancy Jones,48,Male,Marketing,Marketing Manager,67809,11,4.6,33,3,No
EMP09149,Margaret Moore,50,Female,Engineering,Senior Developer,79692,3,1.1,38,2,No
EMP16367,Jessica Thomas,58,Female,Sales,Account Manager,73247,15,2.9,9,3,No
EMP26227,Elizabeth Hernandez,51,Non-binary,Engineering,Junior Developer,56410,23,1.4,8,4,No
EMP78776,Betty Miller,33,Male,HR,HR Coordinator,56354,11,3.6,15,5,No
EMP43685,Joseph Miller,51,Non-binary,Engineering,Engineering Manager,134018,10,1.0,34,4,No
EMP93828,Jessica Moore,51,Male,Marketing,Marketing Specialist,48481,23,2.1,33,5,No
EMP91241,Sarah Martinez,30,Non-binary,HR,HR Specialist,44024,25,2.5,19,1,No
EMP99188,Thomas Miller,31,Female,Marketing,Content Creator,48776,17,4.9,22,1,No
EMP58329,Thomas Garcia,45,Female,Finance,Finance Manager,90148,24,1.6,6,5,No
EMP96829,Richard Martinez,46,Prefer not to say,Engineering,Senior Developer,96249,24,3.9,8,5,No
EMP62750,Matthew Wilson,30,Female,HR,HR Specialist,44783,2,2.0,30,5,No
EMP31809,David Jones,47,Male,Engineering,Senior Developer,82454,12,4.1,9,4,No
EMP01316,Jessica Davis,50,Non-binary,Engineering,Engineering Manager,104399,4,3.7,7,3,No
EMP87789,Mary Gonzalez,38,Male,Finance,Finance Manager,88959,19,2.8,10,1,No
EMP96538,Lisa Thomas,49,Prefer not to say,Marketing,Content Creator,42572,7,3.1,3,1,No
EMP63623,James Brown,53,Female,Sales,Account Manager,59080,23,3.9,27,3,No
EMP58359,Richard Johnson,60,Male,HR,HR Specialist,47276,24,4.3,37,4,No
EMP36943,Nancy Johnson,44,Prefer not to say,Sales,Sales Director,134074,3,1.5,33,2,Yes
EMP21632,Susan Smith,51,Non-binary,Marketing,Marketing Manager,75891,23,4.1,22,1,No
EMP36671,Sarah Moore,42,Prefer not to say,HR,HR Coordinator,55299,7,2.1,11,1,No
EMP33904,Karen Thomas,33,Prefer not to say,Sales,Account Manager,48012,11,3.5,12,2,No
EMP87931,Charles Martinez,54,Non-binary,HR,HR Manager,95753,15,2.4,25,4,No
EMP79681,William Moore,44,Prefer not to say,Finance,Finance Manager,81369,2,1.8,8,1,No
EMP93282,John Rodriguez,23,Prefer not to say,Sales,Sales Director,124431,25,2.2,14,5,No
EMP12984,Joseph Wilson,57,Female,Engineering,Senior Developer,104398,14,3.6,26,2,No
EMP77982,Barbara Lopez,37,Non-binary,Engineering,Engineering Manager,122441,20,3.3,8,4,No
EMP19754,William Brown,60,Female,HR,HR Manager,93568,7,4.2,22,5,No
EMP44509,James Moore,50,Male,Finance,Accountant,65854,14,2.1,9,1,No
EMP59774,Daniel Jones,47,Female,Sales,Sales Director,107531,11,1.3,28,3,No
EMP27547,Lisa Jackson,42,Male,HR,HR Manager,99623,22,3.7,22,3,No
EMP04119,Matthew Garcia,33,Male,Finance,Accountant,57477,24,4.9,31,5,No
EMP59346,John Hernandez,33,Male,Sales,Account Manager,62714,2,1.4,27,4,No
EMP23604,Patricia Taylor,38,Male,HR,HR Coordinator,59779,2,1.7,38,4,No
EMP19503,James Jackson,58,Non-binary,Sales,Sales Director,148507,1,3.7,12,1,No
EMP06131,Joseph Garcia,54,Female,Marketing,Marketing Specialist,36944,17,1.9,28,3,No
EMP83231,Thomas Garcia,28,Prefer not to say,Sales,Sales Director,123655,1,4.7,39,1,No
EMP79602,John Davis,53,Female,HR,HR Coordinator,59489,21,3.2,25,4,No
EMP89780,Thomas Williams,42,Prefer not to say,Sales,Account Manager,65608,1,4.7,18,4,No
EMP94400,Patricia Hernandez,57,Prefer not to say,HR,HR Specialist,39242,14,4.1,39,3,No
EMP76509,Elizabeth Jackson,58,Female,Marketing,Content Creator,40528,15,5.0,34,3,No
EMP90887,Thomas Garcia,54,Non-binary,Sales,Sales Rep,36431,9,2.5,2,3,No
EMP70226,James Johnson,46,Female,Engineering,Junior Developer,53022,14,4.8,18,2,No
EMP99838,Mary Jones,31,Female,Sales,Sales Rep,43032,21,4.3,39,3,No
EMP28726,Susan Wilson,46,Non-binary,HR,HR Coordinator,57939,21,3.3,31,3,No
EMP07160,Patricia Brown,32,Prefer not to say,HR,HR Manager,87283,0,3.5,4,4,No
EMP97622,Margaret Jackson,38,Male,Engineering,Tech Lead,111141,5,4.8,12,3,No
EMP94128,Jennifer Williams,26,Female,Sales,Sales Director,102000,15,1.8,27,5,No
EMP50971,Michael Hernandez,24,Male,Finance,Financial Analyst,76839,14,4.0,16,4,No
EMP31201,Michael Hernandez,50,Male,Engineering,Tech Lead,105213,14,1.8,28,1,No
EMP15310,Thomas Moore,23,Female,Sales,Sales Rep,44035,19,3.1,2,5,No
EMP00358,Matthew Johnson,58,Male,Engineering,Junior Developer,43479,21,1.9,1,4,No
EMP39242,Christopher Anderson,52,Female,Marketing,Marketing Manager,63371,20,2.5,14,5,No
EMP98308,John Johnson,51,Prefer not to say,Engineering,Tech Lead,119628,20,3.9,34,4,No
EMP24844,Richard Anderson,45,Non-binary,Engineering,Engineering Manager,120956,4,4.4,33,3,No
EMP18669,Sarah Wilson,45,Non-binary,Engineering,Senior Developer,96424,6,3.9,13,5,No
EMP38760,Michael Hernandez,57,Female,Marketing,Marketing Specialist,42134,15,1.4,27,4,No
EMP51967,Christopher Gonzalez,58,Female,Engineering,Engineering Manager,91325,0,3.8,9,4,No
EMP74675,Christopher Johnson,28,Male,Marketing,Content Creator,48815,14,2.0,3,2,No
EMP21283,Sandra Hernandez,59,Prefer not to say,HR,HR Specialist,50507,10,4.7,30,3,No
EMP81811,Sandra Martin,48,Female,HR,HR Manager,76428,5,2.2,17,1,No
EMP00844,Matthew Smith,59,Non-binary,Engineering,Junior Developer,46011,21,4.8,28,4,No
EMP99589,Mark Lopez,26,Female,Finance,Finance Manager,108383,5,2.8,25,1,No
EMP27739,Jessica Smith,59,Prefer not to say,Sales,Sales Director,131402,6,4.8,10,3,No
EMP90316,Daniel Martinez,38,Prefer not to say,HR,HR Coordinator,62484,6,3.1,17,5,No
EMP19670,Richard Miller,52,Prefer not to say,Marketing,Marketing Manager,89703,2,2.3,24,1,Yes
EMP87439,Nancy Rodriguez,57,Female,HR,HR Manager,83804,12,2.3,28,5,No
EMP01721,Robert Jones,58,Female,Sales,Sales Director,120994,10,4.4,5,1,No
EMP86168,Joseph Hernandez,28,Male,Sales,Sales Rep,48461,23,1.1,5,3,No
EMP46273,Christopher Taylor,34,Prefer not to say,Engineering,Junior Developer,51416,22,4.8,12,1,No
EMP75845,Robert Garcia,34,Non-binary,Marketing,Marketing Manager,100432,22,1.7,12,3,No
EMP87238,Elizabeth Martin,48,Non-binary,Sales,Sales Director,137677,24,1.3,13,2,No
EMP08621,Mary Williams,53,Non-binary,Marketing,Content Creator,50081,11,3.9,27,5,No
EMP07059,Barbara Martin,26,Non-binary,Sales,Sales Director,116352,24,4.6,20,4,No
EMP47391,Charles Garcia,24,Non-binary,Marketing,Content Creator,35495,23,4.2,20,3,No
EMP73987,Richard Jones,47,Non-binary,Marketing,Content Creator,55965,14,2.8,0,2,No
EMP20421,Jessica Gonzalez,32,Non-binary,Marketing,Marketing Manager,102721,5,1.6,17,2,No
EMP91909,Robert Hernandez,52,Non-binary,Marketing,Marketing Manager,66782,23,3.0,9,4,No
EMP03166,Susan Martin,29,Female,Engineering,Engineering Manager,112495,25,1.9,23,4,No
EMP03296,Sandra Hernandez,52,Non-binary,Engineering,Tech Lead,107209,18,4.9,35,1,No
EMP99759,Daniel Jackson,37,Female,HR,HR Manager,78989,25,2.3,1,2,No
EMP60468,Nancy Rodriguez,26,Prefer not to say,HR,HR Manager,96149,3,2.5,24,2,No
EMP42036,Sarah Jones,39,Non-binary,Engineering,Tech Lead,95736,22,1.6,34,1,No
EMP77172,Betty Gonzalez,49,Male,Engineering,Senior Developer,86063,19,3.4,19,3,No
EMP67049,John Anderson,46,Female,HR,HR Specialist,39492,4,2.2,6,1,No
EMP25300,William Moore,52,Non-binary,Marketing,Content Creator,41251,6,3.8,9,4,No
EMP63380,Elizabeth Hernandez,58,Male,HR,HR Manager,98589,12,3.2,8,4,No
EMP59279,William Williams,48,Non-binary,Marketing,Marketing Specialist,50229,2,1.6,4,1,No
EMP65021,Matthew Rodriguez,36,Female,Finance,Accountant,70373,16,2.7,1,4,No
EMP07991,William Hernandez,46,Prefer not to say,Sales,Sales Director,129492,22,1.9,1,1,No
EMP50525,James Lopez,27,Non-binary,Finance,Financial Analyst,48860,15,1.1,25,4,No
EMP25512,Karen Rodriguez,43,Female,Engineering,Senior Developer,83623,17,1.0,20,5,No
EMP06654,Jennifer Brown,24,Prefer not to say,HR,HR Coordinator,59576,3,3.6,13,4,No
EMP83065,Mark Rodriguez,35,Male,Engineering,Tech Lead,84394,22,3.7,19,5,No
EMP47743,Matthew Garcia,53,Prefer not to say,Sales,Sales Rep,39866,5,4.4,15,2,No
EMP68993,Richard Jackson,32,Male,Sales,Sales Director,114497,3,4.5,3,1,No
EMP73262,Mary Brown,41,Female,HR,HR Specialist,48618,20,1.8,13,4,No
EMP89117,Joseph Jackson,57,Non-binary,Sales,Sales Director,161392,23,4.8,17,1,No
EMP23304,Joseph Wilson,33,Male,Sales,Sales Director,115214,18,2.9,4,2,No
EMP80282,Joseph Smith,24,Prefer not to say,HR,HR Manager,93016,9,3.9,35,2,No
EMP20385,Barbara Lopez,57,Female,Marketing,Marketing Specialist,47212,22,4.4,26,1,No
EMP71686,Susan Lopez,49,Male,Engineering,Engineering Manager,155144,11,2.9,38,3,No
EMP45683,Sandra Jones,60,Non-binary,HR,HR Specialist,36283,10,4.7,10,4,No
EMP04150,Patricia Jackson,22,Non-binary,Finance,Accountant,53892,25,1.8,35,4,No
EMP43839,Thomas Gonzalez,36,Non-binary,Engineering,Senior Developer,84978,21,3.8,6,3,No
EMP78974,Sandra Williams,41,Female,Engineering,Engineering Manager,100245,4,4.3,25,2,No
EMP00117,Robert Williams,38,Prefer not to say,HR,HR Specialist,57483,17,3.6,22,2,No
EMP32454,Karen Jackson,24,Prefer not to say,Marketing,Marketing Specialist,49525,22,3.4,2,3,No
EMP83506,Karen Lopez,53,Male,Marketing,Content Creator,34537,11,1.1,5,4,No
EMP77947,Linda Martin,52,Male,Marketing,Content Creator,60646,17,1.4,20,2,No
EMP24018,Matthew Smith,54,Prefer not to say,HR,HR Manager,103175,24,3.8,17,4,No
EMP21514,Margaret Garcia,24,Non-binary,Finance,Financial Analyst,70713,25,4.7,38,1,No
EMP14078,Mark Garcia,46,Male,HR,HR Coordinator,53107,3,3.7,37,1,No
EMP11795,Joseph Thomas,45,Prefer not to say,Engineering,Engineering Manager,143125,25,3.8,1,1,No
EMP40470,Robert Rodriguez,44,Prefer not to say,Finance,Finance Manager,72610,11,3.5,8,1,No
EMP64932,Robert Garcia,59,Prefer not to say,Sales,Sales Rep,53798,5,1.3,7,2,No
EMP00716,Charles Taylor,22,Non-binary,Engineering,Senior Developer,90058,4,2.2,15,4,No
EMP40365,Betty Williams,31,Female,Marketing,Marketing Specialist,49108,6,3.7,32,4,No
EMP52783,Linda Rodriguez,48,Male,Engineering,Junior Developer,50033,15,3.1,20,1,No
EMP36871,Karen Taylor,48,Female,Marketing,Marketing Specialist,49690,6,3.7,15,3,No
EMP40008,John Johnson,45,Non-binary,Finance,Finance Manager,86865,9,3.0,21,1,No
EMP84478,Charles Moore,60,Female,HR,HR Manager,104897,19,2.3,30,3,No
EMP56069,Margaret Martinez,60,Female,HR,HR Specialist,43709,22,3.0,15,3,No
EMP85424,Lisa Miller,30,Non-binary,Finance,Accountant,75446,11,4.9,12,2,No
EMP75178,Christopher Davis,35,Non-binary,HR,HR Manager,103399,17,3.2,31,2,No
EMP94320,Patricia Gonzalez,57,Prefer not to say,HR,HR Specialist,59886,12,2.9,0,3,No
EMP49525,Michael Rodriguez,25,Prefer not to say,Sales,Sales Rep,39573,25,4.7,6,4,No
EMP13808,David Brown,57,Non-binary,Marketing,Content Creator,41981,12,2.3,8,2,No
EMP85036,David Martinez,49,Female,Sales,Sales Director,123055,21,2.7,36,1,No
EMP05719,Richard Miller,56,Male,HR,HR Manager,114629,11,4.4,10,2,No
EMP81242,Karen Garcia,33,Female,Sales,Sales Director,119735,23,3.5,19,3,No
EMP21074,Nancy Gonzalez,46,Male,Marketing,Marketing Manager,91057,19,4.4,34,4,No
EMP30534,Michael Lopez,31,Male,HR,HR Specialist,40639,21,3.0,24,5,No
EMP42226,Jessica Smith,58,Female,Engineering,Engineering Manager,112094,6,1.9,4,3,No
EMP33479,Robert Wilson,38,Non-binary,Marketing,Marketing Manager,91732,25,1.1,16,5,No
EMP65889,Barbara Johnson,36,Male,Marketing,Marketing Specialist,59386,5,1.9,10,5,No
EMP09428,David Garcia,36,Prefer not to say,Sales,Sales Director,111762,22,3.2,14,3,No
EMP24410,Michael Martin,26,Male,Sales,Sales Director,140209,1,3.3,6,2,No
EMP53151,Betty Smith,42,Female,HR,HR Specialist,50922,17,1.5,1,4,No
EMP01188,Charles Rodriguez,51,Female,Finance,Finance Manager,82094,1,2.6,29,2,No
EMP70304,Betty Thomas,47,Prefer not to say,Sales,Sales Director,135451,7,1.6,33,5,No
EMP75454,Betty Johnson,35,Male,HR,HR Manager,84722,18,3.9,38,4,No
EMP32047,Michael Wilson,31,Prefer not to say,HR,HR Coordinator,64660,3,3.4,8,4,No
EMP92373,Michael Anderson,30,Prefer not to say,HR,HR Coordinator,44070,7,1.6,3,2,No
EMP33988,Robert Martin,40,Non-binary,Engineering,Senior Developer,91976,20,4.7,2,3,No
EMP91917,David Johnson,23,Female,Marketing,Marketing Specialist,43090,11,2.3,40,3,No
EMP74620,Thomas Jackson,29,Prefer not to say,Finance,Financial Analyst,68579,0,2.8,32,3,No
EMP59183,Daniel Anderson,39,Female,Sales,Sales Director,100840,24,3.2,9,5,No
EMP20014,Michael Wilson,31,Prefer not to say,Engineering,Junior Developer,44493,19,2.5,13,4,No
EMP77291,Lisa Thomas,29,Male,Sales,Sales Rep,43490,5,4.4,29,3,No
EMP92588,William Hernandez,55,Female,HR,HR Manager,81626,23,4.9,37,4,No
EMP20435,Jessica Gonzalez,25,Non-binary,Finance,Finance Manager,75228,8,4.2,16,2,No
EMP82996,Thomas Lopez,48,Prefer not to say,Sales,Sales Rep,39707,17,1.9,5,2,No
EMP79044,Susan Thomas,23,Non-binary,Engineering,Senior Developer,90554,19,2.9,23,1,No
EMP93242,Linda Martin,32,Non-binary,Sales,Account Manager,69687,7,2.9,24,4,No
EMP14897,Daniel Jones,25,Male,Sales,Sales Rep,50056,2,1.3,30,1,No
EMP60130,Charles Williams,24,Male,Engineering,Tech Lead,114678,11,3.7,10,3,No
EMP65820,Karen Rodriguez,32,Male,Marketing,Content Creator,43761,3,2.1,31,3,No
EMP86683,Thomas Martinez,40,Prefer not to say,Finance,Accountant,40519,22,2.1,19,4,No
EMP00819,John Jones,26,Non-binary,HR,HR Specialist,58536,7,2.8,21,2,No
